frame,car_x,car_y,car_z,car_yaw,car_vx,car_vy,car_vz,fl_x,fl_y,fl_z,fl_vx,fl_vy,fl_vz,fr_x,fr_y,fr_z,fr_vx,fr_vy,fr_vz,rl_x,rl_y,rl_z,rl_vx,rl_vy,rl_vz,rr_x,rr_y,rr_z,rr_vx,rr_vy,rr_vz
1,-4.842132329940796e-05,-0.013472013175487518,1.2710343599319458,0.0,0.0,0.0,0.0,0.7399625778198242,-1.130021333694458,0.543657660484314,0.0,0.0,0.0,-0.7400349378585815,-1.130021333694458,0.543657660484314,0.0,0.0,0.0,0.7399625778198242,0.9995324611663818,0.5436570644378662,0.0,0.0,0.0,-0.7400349378585815,0.9995324611663818,0.5436570644378662,0.0,0.0,0.0
2,-4.842132329940796e-05,-0.013472013175487518,1.2710343599319458,0.0,0.0,0.0,0.0,0.7399625778198242,-1.130021333694458,0.543657660484314,0.0,0.0,0.0,-0.7400349378585815,-1.130021333694458,0.543657660484314,0.0,0.0,0.0,0.7399625778198242,0.9995324611663818,0.5436570644378662,0.0,0.0,0.0,-0.7400349378585815,0.9995324611663818,0.5436570644378662,0.0,0.0,0.0
3,-4.842132329940796e-05,-0.013472013175487518,1.2710343599319458,0.0,0.0,0.0,0.0,0.7399625778198242,-1.130021333694458,0.543657660484314,0.0,0.0,0.0,-0.7400349378585815,-1.130021333694458,0.543657660484314,0.0,0.0,0.0,0.7399625778198242,0.9995324611663818,0.5436570644378662,0.0,0.0,0.0,-0.7400349378585815,0.9995324611663818,0.5436570644378662,0.0,0.0,0.0
4,-4.842132329940796e-05,-0.013472013175487518,1.2710343599319458,0.0,0.0,0.0,0.0,0.7399625778198242,-1.130021333694458,0.543657660484314,0.0,0.0,0.0,-0.7400349378585815,-1.130021333694458,0.543657660484314,0.0,0.0,0.0,0.7399625778198242,0.9995324611663818,0.5436570644378662,0.0,0.0,0.0,-0.7400349378585815,0.9995324611663818,0.5436570644378662,0.0,0.0,0.0
5,-4.842132329940796e-05,-0.013472013175487518,1.2710343599319458,0.0,0.0,0.0,0.0,0.7399625778198242,-1.130021333694458,0.543657660484314,0.0,0.0,0.0,-0.7400349378585815,-1.130021333694458,0.543657660484314,0.0,0.0,0.0,0.7399625778198242,0.9995324611663818,0.5436570644378662,0.0,0.0,0.0,-0.7400349378585815,0.9995324611663818,0.5436570644378662,0.0,0.0,0.0
6,-4.842132329940796e-05,-0.013472013175487518,1.2710343599319458,0.0,0.0,0.0,0.0,0.7399625778198242,-1.130021333694458,0.543657660484314,0.0,0.0,0.0,-0.7400349378585815,-1.130021333694458,0.543657660484314,0.0,0.0,0.0,0.7399625778198242,0.9995324611663818,0.5436570644378662,0.0,0.0,0.0,-0.7400349378585815,0.9995324611663818,0.5436570644378662,0.0,0.0,0.0
7,-4.842132329940796e-05,-0.013472013175487518,1.2710343599319458,0.0,0.0,0.0,0.0,0.7399625778198242,-1.130021333694458,0.543657660484314,0.0,0.0,0.0,-0.7400349378585815,-1.130021333694458,0.543657660484314,0.0,0.0,0.0,0.7399625778198242,0.9995324611663818,0.5436570644378662,0.0,0.0,0.0,-0.7400349378585815,0.9995324611663818,0.5436570644378662,0.0,0.0,0.0
8,-4.842132329940796e-05,-0.013472013175487518,1.2710343599319458,0.0,0.0,0.0,0.0,0.7399625778198242,-1.130021333694458,0.543657660484314,0.0,0.0,0.0,-0.7400349378585815,-1.130021333694458,0.543657660484314,0.0,0.0,0.0,0.7399625778198242,0.9995324611663818,0.5436570644378662,0.0,0.0,0.0,-0.7400349378585815,0.9995324611663818,0.5436570644378662,0.0,0.0,0.0
9,-4.842132329940796e-05,-0.013472013175487518,1.2710343599319458,0.0,0.0,0.0,0.0,0.7399625778198242,-1.130021333694458,0.543657660484314,0.0,0.0,0.0,-0.7400349378585815,-1.130021333694458,0.543657660484314,0.0,0.0,0.0,0.7399625778198242,0.9995324611663818,0.5436570644378662,0.0,0.0,0.0,-0.7400349378585815,0.9995324611663818,0.5436570644378662,0.0,0.0,0.0
10,-4.842132329940796e-05,-0.013472013175487518,1.2710343599319458,0.0,0.0,0.0,0.0,0.7399625778198242,-1.130021333694458,0.543657660484314,0.0,0.0,0.0,-0.7400349378585815,-1.130021333694458,0.543657660484314,0.0,0.0,0.0,0.7399625778198242,0.9995324611663818,0.5436570644378662,0.0,0.0,0.0,-0.7400349378585815,0.9995324611663818,0.5436570644378662,0.0,0.0,0.0
11,-4.842132329940796e-05,-0.013472013175487518,1.2710343599319458,0.0,0.0,0.0,0.0,0.7399625778198242,-1.130021333694458,0.543657660484314,0.0,0.0,0.0,-0.7400349378585815,-1.130021333694458,0.543657660484314,0.0,0.0,0.0,0.7399625778198242,0.9995324611663818,0.5436570644378662,0.0,0.0,0.0,-0.7400349378585815,0.9995324611663818,0.5436570644378662,0.0,0.0,0.0
12,-4.842132329940796e-05,-0.013472013175487518,1.2710343599319458,0.0,0.0,0.0,0.0,0.7399625778198242,-1.130021333694458,0.543657660484314,0.0,0.0,0.0,-0.7400349378585815,-1.130021333694458,0.543657660484314,0.0,0.0,0.0,0.7399625778198242,0.9995324611663818,0.5436570644378662,0.0,0.0,0.0,-0.7400349378585815,0.9995324611663818,0.5436570644378662,0.0,0.0,0.0
13,-4.842132329940796e-05,-0.013472013175487518,1.2710343599319458,0.0,0.0,0.0,0.0,0.7399625778198242,-1.130021333694458,0.543657660484314,0.0,0.0,0.0,-0.7400349378585815,-1.130021333694458,0.543657660484314,0.0,0.0,0.0,0.7399625778198242,0.9995324611663818,0.5436570644378662,0.0,0.0,0.0,-0.7400349378585815,0.9995324611663818,0.5436570644378662,0.0,0.0,0.0
14,-4.842132329940796e-05,-0.013472013175487518,1.2710343599319458,0.0,0.0,0.0,0.0,0.7399625778198242,-1.130021333694458,0.543657660484314,0.0,0.0,0.0,-0.7400349378585815,-1.130021333694458,0.543657660484314,0.0,0.0,0.0,0.7399625778198242,0.9995324611663818,0.5436570644378662,0.0,0.0,0.0,-0.7400349378585815,0.9995324611663818,0.5436570644378662,0.0,0.0,0.0
15,-4.842132329940796e-05,-0.013472013175487518,1.2710343599319458,0.0,0.0,0.0,0.0,0.7399625778198242,-1.130021333694458,0.543657660484314,0.0,0.0,0.0,-0.7400349378585815,-1.130021333694458,0.543657660484314,0.0,0.0,0.0,0.7399625778198242,0.9995324611663818,0.5436570644378662,0.0,0.0,0.0,-0.7400349378585815,0.9995324611663818,0.5436570644378662,0.0,0.0,0.0
16,-4.842132329940796e-05,-0.013472013175487518,1.2710343599319458,0.0,0.0,0.0,0.0,0.7399625778198242,-1.130021333694458,0.543657660484314,0.0,0.0,0.0,-0.7400349378585815,-1.130021333694458,0.543657660484314,0.0,0.0,0.0,0.7399625778198242,0.9995324611663818,0.5436570644378662,0.0,0.0,0.0,-0.7400349378585815,0.9995324611663818,0.5436570644378662,0.0,0.0,0.0
17,-4.842132329940796e-05,-0.013472013175487518,1.2710343599319458,0.0,0.0,0.0,0.0,0.7399625778198242,-1.130021333694458,0.543657660484314,0.0,0.0,0.0,-0.7400349378585815,-1.130021333694458,0.543657660484314,0.0,0.0,0.0,0.7399625778198242,0.9995324611663818,0.5436570644378662,0.0,0.0,0.0,-0.7400349378585815,0.9995324611663818,0.5436570644378662,0.0,0.0,0.0
18,-4.842132329940796e-05,-0.013472013175487518,1.2710343599319458,0.0,0.0,0.0,0.0,0.7399625778198242,-1.130021333694458,0.543657660484314,0.0,0.0,0.0,-0.7400349378585815,-1.130021333694458,0.543657660484314,0.0,0.0,0.0,0.7399625778198242,0.9995324611663818,0.5436570644378662,0.0,0.0,0.0,-0.7400349378585815,0.9995324611663818,0.5436570644378662,0.0,0.0,0.0
19,-4.842132329940796e-05,-0.013472013175487518,1.2710343599319458,0.0,0.0,0.0,0.0,0.7399625778198242,-1.130021333694458,0.543657660484314,0.0,0.0,0.0,-0.7400349378585815,-1.130021333694458,0.543657660484314,0.0,0.0,0.0,0.7399625778198242,0.9995324611663818,0.5436570644378662,0.0,0.0,0.0,-0.7400349378585815,0.9995324611663818,0.5436570644378662,0.0,0.0,0.0
20,-4.842132329940796e-05,-0.013472013175487518,1.2710343599319458,0.0,0.0,0.0,0.0,0.7399625778198242,-1.130021333694458,0.543657660484314,0.0,0.0,0.0,-0.7400349378585815,-1.130021333694458,0.543657660484314,0.0,0.0,0.0,0.7399625778198242,0.9995324611663818,0.5436570644378662,0.0,0.0,0.0,-0.7400349378585815,0.9995324611663818,0.5436570644378662,0.0,0.0,0.0
21,-4.842132329940796e-05,-0.013472013175487518,1.2710343599319458,0.0,0.0,0.0,0.0,0.7399625778198242,-1.130021333694458,0.543657660484314,0.0,0.0,0.0,-0.7400349378585815,-1.130021333694458,0.543657660484314,0.0,0.0,0.0,0.7399625778198242,0.9995324611663818,0.5436570644378662,0.0,0.0,0.0,-0.7400349378585815,0.9995324611663818,0.5436570644378662,0.0,0.0,0.0
22,-4.842132329940796e-05,-0.013472013175487518,1.2710343599319458,0.0,0.0,0.0,0.0,0.7399625778198242,-1.130021333694458,0.543657660484314,0.0,0.0,0.0,-0.7400349378585815,-1.130021333694458,0.543657660484314,0.0,0.0,0.0,0.7399625778198242,0.9995324611663818,0.5436570644378662,0.0,0.0,0.0,-0.7400349378585815,0.9995324611663818,0.5436570644378662,0.0,0.0,0.0
23,-4.842132329940796e-05,-0.013472013175487518,1.2710343599319458,0.0,0.0,0.0,0.0,0.7399625778198242,-1.130021333694458,0.543657660484314,0.0,0.0,0.0,-0.7400349378585815,-1.130021333694458,0.543657660484314,0.0,0.0,0.0,0.7399625778198242,0.9995324611663818,0.5436570644378662,0.0,0.0,0.0,-0.7400349378585815,0.9995324611663818,0.5436570644378662,0.0,0.0,0.0
24,-4.842132329940796e-05,-0.013472013175487518,1.2710343599319458,0.0,0.0,0.0,0.0,0.7399625778198242,-1.130021333694458,0.543657660484314,0.0,0.0,0.0,-0.7400349378585815,-1.130021333694458,0.543657660484314,0.0,0.0,0.0,0.7399625778198242,0.9995324611663818,0.5436570644378662,0.0,0.0,0.0,-0.7400349378585815,0.9995324611663818,0.5436570644378662,0.0,0.0,0.0
25,-4.842132329940796e-05,-0.013472013175487518,1.2710343599319458,0.0,0.0,0.0,0.0,0.7399625778198242,-1.130021333694458,0.543657660484314,0.0,0.0,0.0,-0.7400349378585815,-1.130021333694458,0.543657660484314,0.0,0.0,0.0,0.7399625778198242,0.9995324611663818,0.5436570644378662,0.0,0.0,0.0,-0.7400349378585815,0.9995324611663818,0.5436570644378662,0.0,0.0,0.0
26,-4.842132329940796e-05,-0.013472013175487518,1.2710343599319458,0.0,0.0,0.0,0.0,0.7399625778198242,-1.130021333694458,0.543657660484314,0.0,0.0,0.0,-0.7400349378585815,-1.130021333694458,0.543657660484314,0.0,0.0,0.0,0.7399625778198242,0.9995324611663818,0.5436570644378662,0.0,0.0,0.0,-0.7400349378585815,0.9995324611663818,0.5436570644378662,0.0,0.0,0.0
27,-4.842132329940796e-05,-0.013472013175487518,1.2710343599319458,0.0,0.0,0.0,0.0,0.7399625778198242,-1.130021333694458,0.543657660484314,0.0,0.0,0.0,-0.7400349378585815,-1.130021333694458,0.543657660484314,0.0,0.0,0.0,0.7399625778198242,0.9995324611663818,0.5436570644378662,0.0,0.0,0.0,-0.7400349378585815,0.9995324611663818,0.5436570644378662,0.0,0.0,0.0
28,-4.842132329940796e-05,-0.013472013175487518,1.2710343599319458,0.0,0.0,0.0,0.0,0.7399625778198242,-1.130021333694458,0.543657660484314,0.0,0.0,0.0,-0.7400349378585815,-1.130021333694458,0.543657660484314,0.0,0.0,0.0,0.7399625778198242,0.9995324611663818,0.5436570644378662,0.0,0.0,0.0,-0.7400349378585815,0.9995324611663818,0.5436570644378662,0.0,0.0,0.0
29,-4.842132329940796e-05,-0.013472013175487518,1.2710343599319458,0.0,0.0,0.0,0.0,0.7399625778198242,-1.130021333694458,0.543657660484314,0.0,0.0,0.0,-0.7400349378585815,-1.130021333694458,0.543657660484314,0.0,0.0,0.0,0.7399625778198242,0.9995324611663818,0.5436570644378662,0.0,0.0,0.0,-0.7400349378585815,0.9995324611663818,0.5436570644378662,0.0,0.0,0.0
30,-4.842132329940796e-05,-0.013472013175487518,1.2710343599319458,0.0,0.0,0.0,0.0,0.7399625778198242,-1.130021333694458,0.543657660484314,0.0,0.0,0.0,-0.7400349378585815,-1.130021333694458,0.543657660484314,0.0,0.0,0.0,0.7399625778198242,0.9995324611663818,0.5436570644378662,0.0,0.0,0.0,-0.7400349378585815,0.9995324611663818,0.5436570644378662,0.0,0.0,0.0
31,-4.842132329940796e-05,-0.013472013175487518,1.2710343599319458,0.0,0.0,0.0,0.0,0.7399625778198242,-1.130021333694458,0.543657660484314,0.0,0.0,0.0,-0.7400349378585815,-1.130021333694458,0.543657660484314,0.0,0.0,0.0,0.7399625778198242,0.9995324611663818,0.5436570644378662,0.0,0.0,0.0,-0.7400349378585815,0.9995324611663818,0.5436570644378662,0.0,0.0,0.0
32,-4.842132329940796e-05,-0.013472013175487518,1.2710343599319458,0.0,0.0,0.0,0.0,0.7399625778198242,-1.130021333694458,0.543657660484314,0.0,0.0,0.0,-0.7400349378585815,-1.130021333694458,0.543657660484314,0.0,0.0,0.0,0.7399625778198242,0.9995324611663818,0.5436570644378662,0.0,0.0,0.0,-0.7400349378585815,0.9995324611663818,0.5436570644378662,0.0,0.0,0.0
33,-4.842132329940796e-05,-0.013472013175487518,1.2710343599319458,0.0,0.0,0.0,0.0,0.7399625778198242,-1.130021333694458,0.543657660484314,0.0,0.0,0.0,-0.7400349378585815,-1.130021333694458,0.543657660484314,0.0,0.0,0.0,0.7399625778198242,0.9995324611663818,0.5436570644378662,0.0,0.0,0.0,-0.7400349378585815,0.9995324611663818,0.5436570644378662,0.0,0.0,0.0
34,-4.842132329940796e-05,-0.013472013175487518,1.2710343599319458,0.0,0.0,0.0,0.0,0.7399625778198242,-1.130021333694458,0.543657660484314,0.0,0.0,0.0,-0.7400349378585815,-1.130021333694458,0.543657660484314,0.0,0.0,0.0,0.7399625778198242,0.9995324611663818,0.5436570644378662,0.0,0.0,0.0,-0.7400349378585815,0.9995324611663818,0.5436570644378662,0.0,0.0,0.0
35,-4.842132329940796e-05,-0.013472013175487518,1.2710343599319458,0.0,0.0,0.0,0.0,0.7399625778198242,-1.130021333694458,0.543657660484314,0.0,0.0,0.0,-0.7400349378585815,-1.130021333694458,0.543657660484314,0.0,0.0,0.0,0.7399625778198242,0.9995324611663818,0.5436570644378662,0.0,0.0,0.0,-0.7400349378585815,0.9995324611663818,0.5436570644378662,0.0,0.0,0.0
36,-4.842132329940796e-05,-0.013472013175487518,1.2710343599319458,0.0,0.0,0.0,0.0,0.7399625778198242,-1.130021333694458,0.543657660484314,0.0,0.0,0.0,-0.7400349378585815,-1.130021333694458,0.543657660484314,0.0,0.0,0.0,0.7399625778198242,0.9995324611663818,0.5436570644378662,0.0,0.0,0.0,-0.7400349378585815,0.9995324611663818,0.5436570644378662,0.0,0.0,0.0
37,-4.842132329940796e-05,-0.013472013175487518,1.2710343599319458,0.0,0.0,0.0,0.0,0.7399625778198242,-1.130021333694458,0.543657660484314,0.0,0.0,0.0,-0.7400349378585815,-1.130021333694458,0.543657660484314,0.0,0.0,0.0,0.7399625778198242,0.9995324611663818,0.5436570644378662,0.0,0.0,0.0,-0.7400349378585815,0.9995324611663818,0.5436570644378662,0.0,0.0,0.0
38,-4.842132329940796e-05,-0.013472013175487518,1.2710343599319458,0.0,0.0,0.0,0.0,0.7399625778198242,-1.130021333694458,0.543657660484314,0.0,0.0,0.0,-0.7400349378585815,-1.130021333694458,0.543657660484314,0.0,0.0,0.0,0.7399625778198242,0.9995324611663818,0.5436570644378662,0.0,0.0,0.0,-0.7400349378585815,0.9995324611663818,0.5436570644378662,0.0,0.0,0.0
39,-4.842132329940796e-05,-0.013472013175487518,1.2710343599319458,0.0,0.0,0.0,0.0,0.7399625778198242,-1.130021333694458,0.543657660484314,0.0,0.0,0.0,-0.7400349378585815,-1.130021333694458,0.543657660484314,0.0,0.0,0.0,0.7399625778198242,0.9995324611663818,0.5436570644378662,0.0,0.0,0.0,-0.7400349378585815,0.9995324611663818,0.5436570644378662,0.0,0.0,0.0
40,-4.842132329940796e-05,-0.013472013175487518,1.2710343599319458,0.0,0.0,0.0,0.0,0.7399625778198242,-1.130021333694458,0.543657660484314,0.0,0.0,0.0,-0.7400349378585815,-1.130021333694458,0.543657660484314,0.0,0.0,0.0,0.7399625778198242,0.9995324611663818,0.5436570644378662,0.0,0.0,0.0,-0.7400349378585815,0.9995324611663818,0.5436570644378662,0.0,0.0,0.0
41,-4.842132329940796e-05,-0.013472013175487518,1.2710343599319458,0.0,0.0,0.0,0.0,0.7399625778198242,-1.130021333694458,0.543657660484314,0.0,0.0,0.0,-0.7400349378585815,-1.130021333694458,0.543657660484314,0.0,0.0,0.0,0.7399625778198242,0.9995324611663818,0.5436570644378662,0.0,0.0,0.0,-0.7400349378585815,0.9995324611663818,0.5436570644378662,0.0,0.0,0.0
42,-4.842132329940796e-05,-0.013472013175487518,1.2710343599319458,0.0,0.0,0.0,0.0,0.7399625778198242,-1.130021333694458,0.543657660484314,0.0,0.0,0.0,-0.7400349378585815,-1.130021333694458,0.543657660484314,0.0,0.0,0.0,0.7399625778198242,0.9995324611663818,0.5436570644378662,0.0,0.0,0.0,-0.7400349378585815,0.9995324611663818,0.5436570644378662,0.0,0.0,0.0
43,-4.842132329940796e-05,-0.013472013175487518,1.2710343599319458,0.0,0.0,0.0,0.0,0.7399625778198242,-1.130021333694458,0.543657660484314,0.0,0.0,0.0,-0.7400349378585815,-1.130021333694458,0.543657660484314,0.0,0.0,0.0,0.7399625778198242,0.9995324611663818,0.5436570644378662,0.0,0.0,0.0,-0.7400349378585815,0.9995324611663818,0.5436570644378662,0.0,0.0,0.0
44,-4.842132329940796e-05,-0.013472013175487518,1.2710343599319458,0.0,0.0,0.0,0.0,0.7399625778198242,-1.130021333694458,0.543657660484314,0.0,0.0,0.0,-0.7400349378585815,-1.130021333694458,0.543657660484314,0.0,0.0,0.0,0.7399625778198242,0.9995324611663818,0.5436570644378662,0.0,0.0,0.0,-0.7400349378585815,0.9995324611663818,0.5436570644378662,0.0,0.0,0.0
45,-4.842132329940796e-05,-0.013472013175487518,1.2710343599319458,0.0,0.0,0.0,0.0,0.7399625778198242,-1.130021333694458,0.543657660484314,0.0,0.0,0.0,-0.7400349378585815,-1.130021333694458,0.543657660484314,0.0,0.0,0.0,0.7399625778198242,0.9995324611663818,0.5436570644378662,0.0,0.0,0.0,-0.7400349378585815,0.9995324611663818,0.5436570644378662,0.0,0.0,0.0
46,-4.842132329940796e-05,-0.013472013175487518,1.2710343599319458,0.0,0.0,0.0,0.0,0.7399625778198242,-1.130021333694458,0.543657660484314,0.0,0.0,0.0,-0.7400349378585815,-1.130021333694458,0.543657660484314,0.0,0.0,0.0,0.7399625778198242,0.9995324611663818,0.5436570644378662,0.0,0.0,0.0,-0.7400349378585815,0.9995324611663818,0.5436570644378662,0.0,0.0,0.0
47,-4.842132329940796e-05,-0.013472013175487518,1.2710343599319458,0.0,0.0,0.0,0.0,0.7399625778198242,-1.130021333694458,0.543657660484314,0.0,0.0,0.0,-0.7400349378585815,-1.130021333694458,0.543657660484314,0.0,0.0,0.0,0.7399625778198242,0.9995324611663818,0.5436570644378662,0.0,0.0,0.0,-0.7400349378585815,0.9995324611663818,0.5436570644378662,0.0,0.0,0.0
48,-4.842132329940796e-05,-0.013472013175487518,1.2710343599319458,0.0,0.0,0.0,0.0,0.7399625778198242,-1.130021333694458,0.543657660484314,0.0,0.0,0.0,-0.7400349378585815,-1.130021333694458,0.543657660484314,0.0,0.0,0.0,0.7399625778198242,0.9995324611663818,0.5436570644378662,0.0,0.0,0.0,-0.7400349378585815,0.9995324611663818,0.5436570644378662,0.0,0.0,0.0
49,-4.842132329940796e-05,-0.013472013175487518,1.2710343599319458,0.0,0.0,0.0,0.0,0.7399625778198242,-1.130021333694458,0.543657660484314,0.0,0.0,0.0,-0.7400349378585815,-1.130021333694458,0.543657660484314,0.0,0.0,0.0,0.7399625778198242,0.9995324611663818,0.5436570644378662,0.0,0.0,0.0,-0.7400349378585815,0.9995324611663818,0.5436570644378662,0.0,0.0,0.0
50,-4.842132329940796e-05,-0.013472013175487518,1.2710343599319458,0.0,0.0,0.0,0.0,0.7399625778198242,-1.130021333694458,0.543657660484314,0.0,0.0,0.0,-0.7400349378585815,-1.130021333694458,0.543657660484314,0.0,0.0,0.0,0.7399625778198242,0.9995324611663818,0.5436570644378662,0.0,0.0,0.0,-0.7400349378585815,0.9995324611663818,0.5436570644378662,0.0,0.0,0.0
51,-4.842132329940796e-05,-0.013472013175487518,1.2710343599319458,0.0,0.0,0.0,0.0,0.7399625778198242,-1.130021333694458,0.543657660484314,0.0,0.0,0.0,-0.7400349378585815,-1.130021333694458,0.543657660484314,0.0,0.0,0.0,0.7399625778198242,0.9995324611663818,0.5436570644378662,0.0,0.0,0.0,-0.7400349378585815,0.9995324611663818,0.5436570644378662,0.0,0.0,0.0
52,-4.842132329940796e-05,-0.013472013175487518,1.2710343599319458,0.0,0.0,0.0,0.0,0.7399625778198242,-1.130021333694458,0.543657660484314,0.0,0.0,0.0,-0.7400349378585815,-1.130021333694458,0.543657660484314,0.0,0.0,0.0,0.7399625778198242,0.9995324611663818,0.5436570644378662,0.0,0.0,0.0,-0.7400349378585815,0.9995324611663818,0.5436570644378662,0.0,0.0,0.0
53,-4.842132329940796e-05,-0.013472013175487518,1.2710343599319458,0.0,0.0,0.0,0.0,0.7399625778198242,-1.130021333694458,0.543657660484314,0.0,0.0,0.0,-0.7400349378585815,-1.130021333694458,0.543657660484314,0.0,0.0,0.0,0.7399625778198242,0.9995324611663818,0.5436570644378662,0.0,0.0,0.0,-0.7400349378585815,0.9995324611663818,0.5436570644378662,0.0,0.0,0.0
54,-4.842132329940796e-05,-0.013472013175487518,1.2710343599319458,0.0,0.0,0.0,0.0,0.7399625778198242,-1.130021333694458,0.543657660484314,0.0,0.0,0.0,-0.7400349378585815,-1.130021333694458,0.543657660484314,0.0,0.0,0.0,0.7399625778198242,0.9995324611663818,0.5436570644378662,0.0,0.0,0.0,-0.7400349378585815,0.9995324611663818,0.5436570644378662,0.0,0.0,0.0
55,-4.842132329940796e-05,-0.013472013175487518,1.2710343599319458,0.0,0.0,0.0,0.0,0.7399625778198242,-1.130021333694458,0.543657660484314,0.0,0.0,0.0,-0.7400349378585815,-1.130021333694458,0.543657660484314,0.0,0.0,0.0,0.7399625778198242,0.9995324611663818,0.5436570644378662,0.0,0.0,0.0,-0.7400349378585815,0.9995324611663818,0.5436570644378662,0.0,0.0,0.0
56,-4.842132329940796e-05,-0.013472013175487518,1.2710343599319458,0.0,0.0,0.0,0.0,0.7399625778198242,-1.130021333694458,0.543657660484314,0.0,0.0,0.0,-0.7400349378585815,-1.130021333694458,0.543657660484314,0.0,0.0,0.0,0.7399625778198242,0.9995324611663818,0.5436570644378662,0.0,0.0,0.0,-0.7400349378585815,0.9995324611663818,0.5436570644378662,0.0,0.0,0.0
57,-4.842132329940796e-05,-0.013472013175487518,1.2710343599319458,0.0,0.0,0.0,0.0,0.7399625778198242,-1.130021333694458,0.543657660484314,0.0,0.0,0.0,-0.7400349378585815,-1.130021333694458,0.543657660484314,0.0,0.0,0.0,0.7399625778198242,0.9995324611663818,0.5436570644378662,0.0,0.0,0.0,-0.7400349378585815,0.9995324611663818,0.5436570644378662,0.0,0.0,0.0
58,-4.842132329940796e-05,-0.013472013175487518,1.2710343599319458,0.0,0.0,0.0,0.0,0.7399625778198242,-1.130021333694458,0.543657660484314,0.0,0.0,0.0,-0.7400349378585815,-1.130021333694458,0.543657660484314,0.0,0.0,0.0,0.7399625778198242,0.9995324611663818,0.5436570644378662,0.0,0.0,0.0,-0.7400349378585815,0.9995324611663818,0.5436570644378662,0.0,0.0,0.0
59,-4.842132329940796e-05,-0.013472013175487518,1.2710343599319458,0.0,0.0,0.0,0.0,0.7399625778198242,-1.130021333694458,0.543657660484314,0.0,0.0,0.0,-0.7400349378585815,-1.130021333694458,0.543657660484314,0.0,0.0,0.0,0.7399625778198242,0.9995324611663818,0.5436570644378662,0.0,0.0,0.0,-0.7400349378585815,0.9995324611663818,0.5436570644378662,0.0,0.0,0.0
60,-4.842132329940796e-05,-0.013472013175487518,1.2710343599319458,0.0,0.0,0.0,0.0,0.7399625778198242,-1.130021333694458,0.543657660484314,0.0,0.0,0.0,-0.7400349378585815,-1.130021333694458,0.543657660484314,0.0,0.0,0.0,0.7399625778198242,0.9995324611663818,0.5436570644378662,0.0,0.0,0.0,-0.7400349378585815,0.9995324611663818,0.5436570644378662,0.0,0.0,0.0
61,-4.842132329940796e-05,-0.013472013175487518,1.2710343599319458,0.0,0.0,0.0,0.0,0.7399625778198242,-1.130021333694458,0.543657660484314,0.0,0.0,0.0,-0.7400349378585815,-1.130021333694458,0.543657660484314,0.0,0.0,0.0,0.7399625778198242,0.9995324611663818,0.5436570644378662,0.0,0.0,0.0,-0.7400349378585815,0.9995324611663818,0.5436570644378662,0.0,0.0,0.0
62,-4.842132329940796e-05,-0.013472013175487518,1.2710343599319458,0.0,0.0,0.0,0.0,0.7399625778198242,-1.130021333694458,0.543657660484314,0.0,0.0,0.0,-0.7400349378585815,-1.130021333694458,0.543657660484314,0.0,0.0,0.0,0.7399625778198242,0.9995324611663818,0.5436570644378662,0.0,0.0,0.0,-0.7400349378585815,0.9995324611663818,0.5436570644378662,0.0,0.0,0.0
63,-4.842132329940796e-05,-0.013472013175487518,1.2710343599319458,0.0,0.0,0.0,0.0,0.7399625778198242,-1.130021333694458,0.543657660484314,0.0,0.0,0.0,-0.7400349378585815,-1.130021333694458,0.543657660484314,0.0,0.0,0.0,0.7399625778198242,0.9995324611663818,0.5436570644378662,0.0,0.0,0.0,-0.7400349378585815,0.9995324611663818,0.5436570644378662,0.0,0.0,0.0
64,-4.842132329940796e-05,-0.013472013175487518,1.2710343599319458,0.0,0.0,0.0,0.0,0.7399625778198242,-1.130021333694458,0.543657660484314,0.0,0.0,0.0,-0.7400349378585815,-1.130021333694458,0.543657660484314,0.0,0.0,0.0,0.7399625778198242,0.9995324611663818,0.5436570644378662,0.0,0.0,0.0,-0.7400349378585815,0.9995324611663818,0.5436570644378662,0.0,0.0,0.0
65,-4.842132329940796e-05,-0.013472013175487518,1.2710343599319458,0.0,0.0,0.0,0.0,0.7399625778198242,-1.130021333694458,0.543657660484314,0.0,0.0,0.0,-0.7400349378585815,-1.130021333694458,0.543657660484314,0.0,0.0,0.0,0.7399625778198242,0.9995324611663818,0.5436570644378662,0.0,0.0,0.0,-0.7400349378585815,0.9995324611663818,0.5436570644378662,0.0,0.0,0.0
66,-4.842132329940796e-05,-0.013472013175487518,1.2710343599319458,0.0,0.0,0.0,0.0,0.7399625778198242,-1.130021333694458,0.543657660484314,0.0,0.0,0.0,-0.7400349378585815,-1.130021333694458,0.543657660484314,0.0,0.0,0.0,0.7399625778198242,0.9995324611663818,0.5436570644378662,0.0,0.0,0.0,-0.7400349378585815,0.9995324611663818,0.5436570644378662,0.0,0.0,0.0
67,-4.842132329940796e-05,-0.013472013175487518,1.2710343599319458,0.0,0.0,0.0,0.0,0.7399625778198242,-1.130021333694458,0.543657660484314,0.0,0.0,0.0,-0.7400349378585815,-1.130021333694458,0.543657660484314,0.0,0.0,0.0,0.7399625778198242,0.9995324611663818,0.5436570644378662,0.0,0.0,0.0,-0.7400349378585815,0.9995324611663818,0.5436570644378662,0.0,0.0,0.0
68,-4.842132329940796e-05,-0.013472013175487518,1.2710343599319458,0.0,0.0,0.0,0.0,0.7399625778198242,-1.130021333694458,0.543657660484314,0.0,0.0,0.0,-0.7400349378585815,-1.130021333694458,0.543657660484314,0.0,0.0,0.0,0.7399625778198242,0.9995324611663818,0.5436570644378662,0.0,0.0,0.0,-0.7400349378585815,0.9995324611663818,0.5436570644378662,0.0,0.0,0.0
69,-4.842132329940796e-05,-0.013472013175487518,1.2710343599319458,0.0,0.0,0.0,0.0,0.7399625778198242,-1.130021333694458,0.543657660484314,0.0,0.0,0.0,-0.7400349378585815,-1.130021333694458,0.543657660484314,0.0,0.0,0.0,0.7399625778198242,0.9995324611663818,0.5436570644378662,0.0,0.0,0.0,-0.7400349378585815,0.9995324611663818,0.5436570644378662,0.0,0.0,0.0
70,-4.842132329940796e-05,-0.013472013175487518,1.2710343599319458,0.0,0.0,0.0,0.0,0.7399625778198242,-1.130021333694458,0.543657660484314,0.0,0.0,0.0,-0.7400349378585815,-1.130021333694458,0.543657660484314,0.0,0.0,0.0,0.7399625778198242,0.9995324611663818,0.5436570644378662,0.0,0.0,0.0,-0.7400349378585815,0.9995324611663818,0.5436570644378662,0.0,0.0,0.0
71,-4.842132329940796e-05,-0.013472013175487518,1.2710343599319458,0.0,0.0,0.0,0.0,0.7399625778198242,-1.130021333694458,0.543657660484314,0.0,0.0,0.0,-0.7400349378585815,-1.130021333694458,0.543657660484314,0.0,0.0,0.0,0.7399625778198242,0.9995324611663818,0.5436570644378662,0.0,0.0,0.0,-0.7400349378585815,0.9995324611663818,0.5436570644378662,0.0,0.0,0.0
72,-4.842132329940796e-05,-0.013472013175487518,1.2710343599319458,0.0,0.0,0.0,0.0,0.7399625778198242,-1.130021333694458,0.543657660484314,0.0,0.0,0.0,-0.7400349378585815,-1.130021333694458,0.543657660484314,0.0,0.0,0.0,0.7399625778198242,0.9995324611663818,0.5436570644378662,0.0,0.0,0.0,-0.7400349378585815,0.9995324611663818,0.5436570644378662,0.0,0.0,0.0
73,-4.842132329940796e-05,-0.013472013175487518,1.2710343599319458,0.0,0.0,0.0,0.0,0.7399625778198242,-1.130021333694458,0.543657660484314,0.0,0.0,0.0,-0.7400349378585815,-1.130021333694458,0.543657660484314,0.0,0.0,0.0,0.7399625778198242,0.9995324611663818,0.5436570644378662,0.0,0.0,0.0,-0.7400349378585815,0.9995324611663818,0.5436570644378662,0.0,0.0,0.0
74,-4.842132329940796e-05,-0.013472013175487518,1.2710343599319458,0.0,0.0,0.0,0.0,0.7399625778198242,-1.130021333694458,0.543657660484314,0.0,0.0,0.0,-0.7400349378585815,-1.130021333694458,0.543657660484314,0.0,0.0,0.0,0.7399625778198242,0.9995324611663818,0.5436570644378662,0.0,0.0,0.0,-0.7400349378585815,0.9995324611663818,0.5436570644378662,0.0,0.0,0.0
75,-4.842132329940796e-05,-0.013472013175487518,1.2710343599319458,0.0,0.0,0.0,0.0,0.7399625778198242,-1.130021333694458,0.543657660484314,0.0,0.0,0.0,-0.7400349378585815,-1.130021333694458,0.543657660484314,0.0,0.0,0.0,0.7399625778198242,0.9995324611663818,0.5436570644378662,0.0,0.0,0.0,-0.7400349378585815,0.9995324611663818,0.5436570644378662,0.0,0.0,0.0
76,-4.842132329940796e-05,-0.013472013175487518,1.2710343599319458,0.0,0.0,0.0,0.0,0.7399625778198242,-1.130021333694458,0.543657660484314,0.0,0.0,0.0,-0.7400349378585815,-1.130021333694458,0.543657660484314,0.0,0.0,0.0,0.7399625778198242,0.9995324611663818,0.5436570644378662,0.0,0.0,0.0,-0.7400349378585815,0.9995324611663818,0.5436570644378662,0.0,0.0,0.0
77,-4.842132329940796e-05,-0.013472013175487518,1.2710343599319458,0.0,0.0,0.0,0.0,0.7399625778198242,-1.130021333694458,0.543657660484314,0.0,0.0,0.0,-0.7400349378585815,-1.130021333694458,0.543657660484314,0.0,0.0,0.0,0.7399625778198242,0.9995324611663818,0.5436570644378662,0.0,0.0,0.0,-0.7400349378585815,0.9995324611663818,0.5436570644378662,0.0,0.0,0.0
78,-4.842132329940796e-05,-0.013472013175487518,1.2710343599319458,0.0,0.0,0.0,0.0,0.7399625778198242,-1.130021333694458,0.543657660484314,0.0,0.0,0.0,-0.7400349378585815,-1.130021333694458,0.543657660484314,0.0,0.0,0.0,0.7399625778198242,0.9995324611663818,0.5436570644378662,0.0,0.0,0.0,-0.7400349378585815,0.9995324611663818,0.5436570644378662,0.0,0.0,0.0
79,-4.842132329940796e-05,-0.013472013175487518,1.2710343599319458,0.0,0.0,0.0,0.0,0.7399625778198242,-1.130021333694458,0.543657660484314,0.0,0.0,0.0,-0.7400349378585815,-1.130021333694458,0.543657660484314,0.0,0.0,0.0,0.7399625778198242,0.9995324611663818,0.5436570644378662,0.0,0.0,0.0,-0.7400349378585815,0.9995324611663818,0.5436570644378662,0.0,0.0,0.0
80,-4.842132329940796e-05,-0.013472013175487518,1.2710343599319458,0.0,0.0,0.0,0.0,0.7399625778198242,-1.130021333694458,0.543657660484314,0.0,0.0,0.0,-0.7400349378585815,-1.130021333694458,0.543657660484314,0.0,0.0,0.0,0.7399625778198242,0.9995324611663818,0.5436570644378662,0.0,0.0,0.0,-0.7400349378585815,0.9995324611663818,0.5436570644378662,0.0,0.0,0.0
81,-4.842132329940796e-05,-0.013472013175487518,1.2710343599319458,0.0,0.0,0.0,0.0,0.7399625778198242,-1.130021333694458,0.543657660484314,0.0,0.0,0.0,-0.7400349378585815,-1.130021333694458,0.543657660484314,0.0,0.0,0.0,0.7399625778198242,0.9995324611663818,0.5436570644378662,0.0,0.0,0.0,-0.7400349378585815,0.9995324611663818,0.5436570644378662,0.0,0.0,0.0
82,-4.842132329940796e-05,-0.013472013175487518,1.2710343599319458,0.0,0.0,0.0,0.0,0.7399625778198242,-1.130021333694458,0.543657660484314,0.0,0.0,0.0,-0.7400349378585815,-1.130021333694458,0.543657660484314,0.0,0.0,0.0,0.7399625778198242,0.9995324611663818,0.5436570644378662,0.0,0.0,0.0,-0.7400349378585815,0.9995324611663818,0.5436570644378662,0.0,0.0,0.0
83,-4.842132329940796e-05,-0.013472013175487518,1.2710343599319458,0.0,0.0,0.0,0.0,0.7399625778198242,-1.130021333694458,0.543657660484314,0.0,0.0,0.0,-0.7400349378585815,-1.130021333694458,0.543657660484314,0.0,0.0,0.0,0.7399625778198242,0.9995324611663818,0.5436570644378662,0.0,0.0,0.0,-0.7400349378585815,0.9995324611663818,0.5436570644378662,0.0,0.0,0.0
84,-4.842132329940796e-05,-0.013472013175487518,1.2710343599319458,0.0,0.0,0.0,0.0,0.7399625778198242,-1.130021333694458,0.543657660484314,0.0,0.0,0.0,-0.7400349378585815,-1.130021333694458,0.543657660484314,0.0,0.0,0.0,0.7399625778198242,0.9995324611663818,0.5436570644378662,0.0,0.0,0.0,-0.7400349378585815,0.9995324611663818,0.5436570644378662,0.0,0.0,0.0
85,-4.842132329940796e-05,-0.013472013175487518,1.2710343599319458,0.0,0.0,0.0,0.0,0.7399625778198242,-1.130021333694458,0.543657660484314,0.0,0.0,0.0,-0.7400349378585815,-1.130021333694458,0.543657660484314,0.0,0.0,0.0,0.7399625778198242,0.9995324611663818,0.5436570644378662,0.0,0.0,0.0,-0.7400349378585815,0.9995324611663818,0.5436570644378662,0.0,0.0,0.0
86,-4.842132329940796e-05,-0.013472013175487518,1.2710343599319458,0.0,0.0,0.0,0.0,0.7399625778198242,-1.130021333694458,0.543657660484314,0.0,0.0,0.0,-0.7400349378585815,-1.130021333694458,0.543657660484314,0.0,0.0,0.0,0.7399625778198242,0.9995324611663818,0.5436570644378662,0.0,0.0,0.0,-0.7400349378585815,0.9995324611663818,0.5436570644378662,0.0,0.0,0.0
87,-4.842132329940796e-05,-0.013472013175487518,1.2710343599319458,0.0,0.0,0.0,0.0,0.7399625778198242,-1.130021333694458,0.543657660484314,0.0,0.0,0.0,-0.7400349378585815,-1.130021333694458,0.543657660484314,0.0,0.0,0.0,0.7399625778198242,0.9995324611663818,0.5436570644378662,0.0,0.0,0.0,-0.7400349378585815,0.9995324611663818,0.5436570644378662,0.0,0.0,0.0
88,-4.842132329940796e-05,-0.013472013175487518,1.2710343599319458,0.0,0.0,0.0,0.0,0.7399625778198242,-1.130021333694458,0.543657660484314,0.0,0.0,0.0,-0.7400349378585815,-1.130021333694458,0.543657660484314,0.0,0.0,0.0,0.7399625778198242,0.9995324611663818,0.5436570644378662,0.0,0.0,0.0,-0.7400349378585815,0.9995324611663818,0.5436570644378662,0.0,0.0,0.0
89,-4.842132329940796e-05,-0.013472013175487518,1.2710343599319458,0.0,0.0,0.0,0.0,0.7399625778198242,-1.130021333694458,0.543657660484314,0.0,0.0,0.0,-0.7400349378585815,-1.130021333694458,0.543657660484314,0.0,0.0,0.0,0.7399625778198242,0.9995324611663818,0.5436570644378662,0.0,0.0,0.0,-0.7400349378585815,0.9995324611663818,0.5436570644378662,0.0,0.0,0.0
90,-4.842132329940796e-05,-0.013472013175487518,1.2710343599319458,0.0,0.0,0.0,0.0,0.7399625778198242,-1.130021333694458,0.543657660484314,0.0,0.0,0.0,-0.7400349378585815,-1.130021333694458,0.543657660484314,0.0,0.0,0.0,0.7399625778198242,0.9995324611663818,0.5436570644378662,0.0,0.0,0.0,-0.7400349378585815,0.9995324611663818,0.5436570644378662,0.0,0.0,0.0
91,-4.842132329940796e-05,-0.013472013175487518,1.2710343599319458,0.0,0.0,0.0,0.0,0.7399625778198242,-1.130021333694458,0.543657660484314,0.0,0.0,0.0,-0.7400349378585815,-1.130021333694458,0.543657660484314,0.0,0.0,0.0,0.7399625778198242,0.9995324611663818,0.5436570644378662,0.0,0.0,0.0,-0.7400349378585815,0.9995324611663818,0.5436570644378662,0.0,0.0,0.0
92,-4.842132329940796e-05,-0.013472013175487518,1.2710343599319458,0.0,0.0,0.0,0.0,0.7399625778198242,-1.130021333694458,0.543657660484314,0.0,0.0,0.0,-0.7400349378585815,-1.130021333694458,0.543657660484314,0.0,0.0,0.0,0.7399625778198242,0.9995324611663818,0.5436570644378662,0.0,0.0,0.0,-0.7400349378585815,0.9995324611663818,0.5436570644378662,0.0,0.0,0.0
93,-4.842132329940796e-05,-0.013472013175487518,1.2710343599319458,0.0,0.0,0.0,0.0,0.7399625778198242,-1.130021333694458,0.543657660484314,0.0,0.0,0.0,-0.7400349378585815,-1.130021333694458,0.543657660484314,0.0,0.0,0.0,0.7399625778198242,0.9995324611663818,0.5436570644378662,0.0,0.0,0.0,-0.7400349378585815,0.9995324611663818,0.5436570644378662,0.0,0.0,0.0
94,-4.842132329940796e-05,-0.013472013175487518,1.2710343599319458,0.0,0.0,0.0,0.0,0.7399625778198242,-1.130021333694458,0.543657660484314,0.0,0.0,0.0,-0.7400349378585815,-1.130021333694458,0.543657660484314,0.0,0.0,0.0,0.7399625778198242,0.9995324611663818,0.5436570644378662,0.0,0.0,0.0,-0.7400349378585815,0.9995324611663818,0.5436570644378662,0.0,0.0,0.0
95,-4.842132329940796e-05,-0.013472013175487518,1.2710343599319458,0.0,0.0,0.0,0.0,0.7399625778198242,-1.130021333694458,0.543657660484314,0.0,0.0,0.0,-0.7400349378585815,-1.130021333694458,0.543657660484314,0.0,0.0,0.0,0.7399625778198242,0.9995324611663818,0.5436570644378662,0.0,0.0,0.0,-0.7400349378585815,0.9995324611663818,0.5436570644378662,0.0,0.0,0.0
96,-4.842132329940796e-05,-0.013472013175487518,1.2710343599319458,0.0,0.0,0.0,0.0,0.7399625778198242,-1.130021333694458,0.543657660484314,0.0,0.0,0.0,-0.7400349378585815,-1.130021333694458,0.543657660484314,0.0,0.0,0.0,0.7399625778198242,0.9995324611663818,0.5436570644378662,0.0,0.0,0.0,-0.7400349378585815,0.9995324611663818,0.5436570644378662,0.0,0.0,0.0
97,-4.842132329940796e-05,-0.013472013175487518,1.2710343599319458,0.0,0.0,0.0,0.0,0.7399625778198242,-1.130021333694458,0.543657660484314,0.0,0.0,0.0,-0.7400349378585815,-1.130021333694458,0.543657660484314,0.0,0.0,0.0,0.7399625778198242,0.9995324611663818,0.5436570644378662,0.0,0.0,0.0,-0.7400349378585815,0.9995324611663818,0.5436570644378662,0.0,0.0,0.0
98,-4.842132329940796e-05,-0.013472013175487518,1.2710343599319458,0.0,0.0,0.0,0.0,0.7399625778198242,-1.130021333694458,0.543657660484314,0.0,0.0,0.0,-0.7400349378585815,-1.130021333694458,0.543657660484314,0.0,0.0,0.0,0.7399625778198242,0.9995324611663818,0.5436570644378662,0.0,0.0,0.0,-0.7400349378585815,0.9995324611663818,0.5436570644378662,0.0,0.0,0.0
99,-4.842132329940796e-05,-0.013472013175487518,1.2710343599319458,0.0,0.0,0.0,0.0,0.7399625778198242,-1.130021333694458,0.543657660484314,0.0,0.0,0.0,-0.7400349378585815,-1.130021333694458,0.543657660484314,0.0,0.0,0.0,0.7399625778198242,0.9995324611663818,0.5436570644378662,0.0,0.0,0.0,-0.7400349378585815,0.9995324611663818,0.5436570644378662,0.0,0.0,0.0
100,-4.842132329940796e-05,-0.013472013175487518,1.2710343599319458,0.0,0.0,0.0,0.0,0.7399625778198242,-1.130021333694458,0.543657660484314,0.0,0.0,0.0,-0.7400349378585815,-1.130021333694458,0.543657660484314,0.0,0.0,0.0,0.7399625778198242,0.9995324611663818,0.5436570644378662,0.0,0.0,0.0,-0.7400349378585815,0.9995324611663818,0.5436570644378662,0.0,0.0,0.0
101,-4.842132329940796e-05,-0.013472013175487518,1.2710343599319458,0.0,0.0,0.0,0.0,0.7399625778198242,-1.130021333694458,0.543657660484314,0.0,0.0,0.0,-0.7400349378585815,-1.130021333694458,0.543657660484314,0.0,0.0,0.0,0.7399625778198242,0.9995324611663818,0.5436570644378662,0.0,0.0,0.0,-0.7400349378585815,0.9995324611663818,0.5436570644378662,0.0,0.0,0.0
102,-4.842132329940796e-05,-0.013472013175487518,1.2710343599319458,0.0,0.0,0.0,0.0,0.7399625778198242,-1.130021333694458,0.543657660484314,0.0,0.0,0.0,-0.7400349378585815,-1.130021333694458,0.543657660484314,0.0,0.0,0.0,0.7399625778198242,0.9995324611663818,0.5436570644378662,0.0,0.0,0.0,-0.7400349378585815,0.9995324611663818,0.5436570644378662,0.0,0.0,0.0
103,-4.842132329940796e-05,-0.013472013175487518,1.2710343599319458,0.0,0.0,0.0,0.0,0.7399625778198242,-1.130021333694458,0.543657660484314,0.0,0.0,0.0,-0.7400349378585815,-1.130021333694458,0.543657660484314,0.0,0.0,0.0,0.7399625778198242,0.9995324611663818,0.5436570644378662,0.0,0.0,0.0,-0.7400349378585815,0.9995324611663818,0.5436570644378662,0.0,0.0,0.0
104,-4.842132329940796e-05,-0.013472013175487518,1.2710343599319458,0.0,0.0,0.0,0.0,0.7399625778198242,-1.130021333694458,0.543657660484314,0.0,0.0,0.0,-0.7400349378585815,-1.130021333694458,0.543657660484314,0.0,0.0,0.0,0.7399625778198242,0.9995324611663818,0.5436570644378662,0.0,0.0,0.0,-0.7400349378585815,0.9995324611663818,0.5436570644378662,0.0,0.0,0.0
105,-4.842132329940796e-05,-0.013472013175487518,1.2710343599319458,0.0,0.0,0.0,0.0,0.7399625778198242,-1.130021333694458,0.543657660484314,0.0,0.0,0.0,-0.7400349378585815,-1.130021333694458,0.543657660484314,0.0,0.0,0.0,0.7399625778198242,0.9995324611663818,0.5436570644378662,0.0,0.0,0.0,-0.7400349378585815,0.9995324611663818,0.5436570644378662,0.0,0.0,0.0
106,-4.842132329940796e-05,-0.013472013175487518,1.2710343599319458,0.0,0.0,0.0,0.0,0.7399625778198242,-1.130021333694458,0.543657660484314,0.0,0.0,0.0,-0.7400349378585815,-1.130021333694458,0.543657660484314,0.0,0.0,0.0,0.7399625778198242,0.9995324611663818,0.5436570644378662,0.0,0.0,0.0,-0.7400349378585815,0.9995324611663818,0.5436570644378662,0.0,0.0,0.0
107,-4.842132329940796e-05,-0.013472013175487518,1.2710343599319458,0.0,0.0,0.0,0.0,0.7399625778198242,-1.130021333694458,0.543657660484314,0.0,0.0,0.0,-0.7400349378585815,-1.130021333694458,0.543657660484314,0.0,0.0,0.0,0.7399625778198242,0.9995324611663818,0.5436570644378662,0.0,0.0,0.0,-0.7400349378585815,0.9995324611663818,0.5436570644378662,0.0,0.0,0.0
108,-4.842132329940796e-05,-0.013472013175487518,1.2710343599319458,0.0,0.0,0.0,0.0,0.7399625778198242,-1.130021333694458,0.543657660484314,0.0,0.0,0.0,-0.7400349378585815,-1.130021333694458,0.543657660484314,0.0,0.0,0.0,0.7399625778198242,0.9995324611663818,0.5436570644378662,0.0,0.0,0.0,-0.7400349378585815,0.9995324611663818,0.5436570644378662,0.0,0.0,0.0
109,-4.842132329940796e-05,-0.013472013175487518,1.2710343599319458,0.0,0.0,0.0,0.0,0.7399625778198242,-1.130021333694458,0.543657660484314,0.0,0.0,0.0,-0.7400349378585815,-1.130021333694458,0.543657660484314,0.0,0.0,0.0,0.7399625778198242,0.9995324611663818,0.5436570644378662,0.0,0.0,0.0,-0.7400349378585815,0.9995324611663818,0.5436570644378662,0.0,0.0,0.0
110,-4.842132329940796e-05,-0.013472013175487518,1.2710343599319458,0.0,0.0,0.0,0.0,0.7399625778198242,-1.130021333694458,0.543657660484314,0.0,0.0,0.0,-0.7400349378585815,-1.130021333694458,0.543657660484314,0.0,0.0,0.0,0.7399625778198242,0.9995324611663818,0.5436570644378662,0.0,0.0,0.0,-0.7400349378585815,0.9995324611663818,0.5436570644378662,0.0,0.0,0.0
111,-4.842132329940796e-05,-0.013472013175487518,1.2710343599319458,0.0,0.0,0.0,0.0,0.7399625778198242,-1.130021333694458,0.543657660484314,0.0,0.0,0.0,-0.7400349378585815,-1.130021333694458,0.543657660484314,0.0,0.0,0.0,0.7399625778198242,0.9995324611663818,0.5436570644378662,0.0,0.0,0.0,-0.7400349378585815,0.9995324611663818,0.5436570644378662,0.0,0.0,0.0
112,-4.842132329940796e-05,-0.013472013175487518,1.2710343599319458,0.0,0.0,0.0,0.0,0.7399625778198242,-1.130021333694458,0.543657660484314,0.0,0.0,0.0,-0.7400349378585815,-1.130021333694458,0.543657660484314,0.0,0.0,0.0,0.7399625778198242,0.9995324611663818,0.5436570644378662,0.0,0.0,0.0,-0.7400349378585815,0.9995324611663818,0.5436570644378662,0.0,0.0,0.0
113,-4.842132329940796e-05,-0.013472013175487518,1.2710343599319458,0.0,0.0,0.0,0.0,0.7399625778198242,-1.130021333694458,0.543657660484314,0.0,0.0,0.0,-0.7400349378585815,-1.130021333694458,0.543657660484314,0.0,0.0,0.0,0.7399625778198242,0.9995324611663818,0.5436570644378662,0.0,0.0,0.0,-0.7400349378585815,0.9995324611663818,0.5436570644378662,0.0,0.0,0.0
114,-4.842132329940796e-05,-0.013472013175487518,1.2710343599319458,0.0,0.0,0.0,0.0,0.7399625778198242,-1.130021333694458,0.543657660484314,0.0,0.0,0.0,-0.7400349378585815,-1.130021333694458,0.543657660484314,0.0,0.0,0.0,0.7399625778198242,0.9995324611663818,0.5436570644378662,0.0,0.0,0.0,-0.7400349378585815,0.9995324611663818,0.5436570644378662,0.0,0.0,0.0
115,-4.842132329940796e-05,-0.013472013175487518,1.2710343599319458,0.0,0.0,0.0,0.0,0.7399625778198242,-1.130021333694458,0.543657660484314,0.0,0.0,0.0,-0.7400349378585815,-1.130021333694458,0.543657660484314,0.0,0.0,0.0,0.7399625778198242,0.9995324611663818,0.5436570644378662,0.0,0.0,0.0,-0.7400349378585815,0.9995324611663818,0.5436570644378662,0.0,0.0,0.0
116,-4.842132329940796e-05,-0.013472013175487518,1.2710343599319458,0.0,0.0,0.0,0.0,0.7399625778198242,-1.130021333694458,0.543657660484314,0.0,0.0,0.0,-0.7400349378585815,-1.130021333694458,0.543657660484314,0.0,0.0,0.0,0.7399625778198242,0.9995324611663818,0.5436570644378662,0.0,0.0,0.0,-0.7400349378585815,0.9995324611663818,0.5436570644378662,0.0,0.0,0.0
117,-4.842132329940796e-05,-0.013472013175487518,1.2710343599319458,0.0,0.0,0.0,0.0,0.7399625778198242,-1.130021333694458,0.543657660484314,0.0,0.0,0.0,-0.7400349378585815,-1.130021333694458,0.543657660484314,0.0,0.0,0.0,0.7399625778198242,0.9995324611663818,0.5436570644378662,0.0,0.0,0.0,-0.7400349378585815,0.9995324611663818,0.5436570644378662,0.0,0.0,0.0
118,-4.842132329940796e-05,-0.013472013175487518,1.2710343599319458,0.0,0.0,0.0,0.0,0.7399625778198242,-1.130021333694458,0.543657660484314,0.0,0.0,0.0,-0.7400349378585815,-1.130021333694458,0.543657660484314,0.0,0.0,0.0,0.7399625778198242,0.9995324611663818,0.5436570644378662,0.0,0.0,0.0,-0.7400349378585815,0.9995324611663818,0.5436570644378662,0.0,0.0,0.0
119,-4.842132329940796e-05,-0.013472013175487518,1.2710343599319458,0.0,0.0,0.0,0.0,0.7399625778198242,-1.130021333694458,0.543657660484314,0.0,0.0,0.0,-0.7400349378585815,-1.130021333694458,0.543657660484314,0.0,0.0,0.0,0.7399625778198242,0.9995324611663818,0.5436570644378662,0.0,0.0,0.0,-0.7400349378585815,0.9995324611663818,0.5436570644378662,0.0,0.0,0.0
120,-4.842132329940796e-05,-0.013472013175487518,1.2710343599319458,0.0,0.0,0.0,0.0,0.7399625778198242,-1.130021333694458,0.543657660484314,0.0,0.0,0.0,-0.7400349378585815,-1.130021333694458,0.543657660484314,0.0,0.0,0.0,0.7399625778198242,0.9995324611663818,0.5436570644378662,0.0,0.0,0.0,-0.7400349378585815,0.9995324611663818,0.5436570644378662,0.0,0.0,0.0
121,-4.842132329940796e-05,-0.013472013175487518,1.2710343599319458,0.0,0.0,0.0,0.0,0.7399625778198242,-1.130021333694458,0.543657660484314,0.0,0.0,0.0,-0.7400349378585815,-1.130021333694458,0.543657660484314,0.0,0.0,0.0,0.7399625778198242,0.9995324611663818,0.5436570644378662,0.0,0.0,0.0,-0.7400349378585815,0.9995324611663818,0.5436570644378662,0.0,0.0,0.0
122,-4.842132329940796e-05,-0.013472013175487518,1.2710343599319458,0.0,0.0,0.0,0.0,0.7399625778198242,-1.130021333694458,0.543657660484314,0.0,0.0,0.0,-0.7400349378585815,-1.130021333694458,0.543657660484314,0.0,0.0,0.0,0.7399625778198242,0.9995324611663818,0.5436570644378662,0.0,0.0,0.0,-0.7400349378585815,0.9995324611663818,0.5436570644378662,0.0,0.0,0.0
123,-4.842132329940796e-05,-0.013472013175487518,1.2710343599319458,0.0,0.0,0.0,0.0,0.7399625778198242,-1.130021333694458,0.543657660484314,0.0,0.0,0.0,-0.7400349378585815,-1.130021333694458,0.543657660484314,0.0,0.0,0.0,0.7399625778198242,0.9995324611663818,0.5436570644378662,0.0,0.0,0.0,-0.7400349378585815,0.9995324611663818,0.5436570644378662,0.0,0.0,0.0
124,-4.842132329940796e-05,-0.013472013175487518,1.2710343599319458,0.0,0.0,0.0,0.0,0.7399625778198242,-1.130021333694458,0.543657660484314,0.0,0.0,0.0,-0.7400349378585815,-1.130021333694458,0.543657660484314,0.0,0.0,0.0,0.7399625778198242,0.9995324611663818,0.5436570644378662,0.0,0.0,0.0,-0.7400349378585815,0.9995324611663818,0.5436570644378662,0.0,0.0,0.0
125,-4.842132329940796e-05,-0.013472013175487518,1.2710343599319458,0.0,0.0,0.0,0.0,0.7399625778198242,-1.130021333694458,0.543657660484314,0.0,0.0,0.0,-0.7400349378585815,-1.130021333694458,0.543657660484314,0.0,0.0,0.0,0.7399625778198242,0.9995324611663818,0.5436570644378662,0.0,0.0,0.0,-0.7400349378585815,0.9995324611663818,0.5436570644378662,0.0,0.0,0.0
126,-4.842132329940796e-05,-0.013472013175487518,1.2710343599319458,0.0,0.0,0.0,0.0,0.7399625778198242,-1.130021333694458,0.543657660484314,0.0,0.0,0.0,-0.7400349378585815,-1.130021333694458,0.543657660484314,0.0,0.0,0.0,0.7399625778198242,0.9995324611663818,0.5436570644378662,0.0,0.0,0.0,-0.7400349378585815,0.9995324611663818,0.5436570644378662,0.0,0.0,0.0
127,-4.842132329940796e-05,-0.013472013175487518,1.2710343599319458,0.0,0.0,0.0,0.0,0.7399625778198242,-1.130021333694458,0.543657660484314,0.0,0.0,0.0,-0.7400349378585815,-1.130021333694458,0.543657660484314,0.0,0.0,0.0,0.7399625778198242,0.9995324611663818,0.5436570644378662,0.0,0.0,0.0,-0.7400349378585815,0.9995324611663818,0.5436570644378662,0.0,0.0,0.0
128,-4.842132329940796e-05,-0.013472013175487518,1.2710343599319458,0.0,0.0,0.0,0.0,0.7399625778198242,-1.130021333694458,0.543657660484314,0.0,0.0,0.0,-0.7400349378585815,-1.130021333694458,0.543657660484314,0.0,0.0,0.0,0.7399625778198242,0.9995324611663818,0.5436570644378662,0.0,0.0,0.0,-0.7400349378585815,0.9995324611663818,0.5436570644378662,0.0,0.0,0.0
129,-4.842132329940796e-05,-0.013472013175487518,1.2710343599319458,0.0,0.0,0.0,0.0,0.7399625778198242,-1.130021333694458,0.543657660484314,0.0,0.0,0.0,-0.7400349378585815,-1.130021333694458,0.543657660484314,0.0,0.0,0.0,0.7399625778198242,0.9995324611663818,0.5436570644378662,0.0,0.0,0.0,-0.7400349378585815,0.9995324611663818,0.5436570644378662,0.0,0.0,0.0
130,-4.842132329940796e-05,-0.013472013175487518,1.2710343599319458,0.0,0.0,0.0,0.0,0.7399625778198242,-1.130021333694458,0.543657660484314,0.0,0.0,0.0,-0.7400349378585815,-1.130021333694458,0.543657660484314,0.0,0.0,0.0,0.7399625778198242,0.9995324611663818,0.5436570644378662,0.0,0.0,0.0,-0.7400349378585815,0.9995324611663818,0.5436570644378662,0.0,0.0,0.0
131,-4.842132329940796e-05,-0.013472013175487518,1.2710343599319458,0.0,0.0,0.0,0.0,0.7399625778198242,-1.130021333694458,0.543657660484314,0.0,0.0,0.0,-0.7400349378585815,-1.130021333694458,0.543657660484314,0.0,0.0,0.0,0.7399625778198242,0.9995324611663818,0.5436570644378662,0.0,0.0,0.0,-0.7400349378585815,0.9995324611663818,0.5436570644378662,0.0,0.0,0.0
132,-4.842132329940796e-05,-0.013472013175487518,1.2710343599319458,0.0,0.0,0.0,0.0,0.7399625778198242,-1.130021333694458,0.543657660484314,0.0,0.0,0.0,-0.7400349378585815,-1.130021333694458,0.543657660484314,0.0,0.0,0.0,0.7399625778198242,0.9995324611663818,0.5436570644378662,0.0,0.0,0.0,-0.7400349378585815,0.9995324611663818,0.5436570644378662,0.0,0.0,0.0
133,-4.842132329940796e-05,-0.013472013175487518,1.2710343599319458,0.0,0.0,0.0,0.0,0.7399625778198242,-1.130021333694458,0.543657660484314,0.0,0.0,0.0,-0.7400349378585815,-1.130021333694458,0.543657660484314,0.0,0.0,0.0,0.7399625778198242,0.9995324611663818,0.5436570644378662,0.0,0.0,0.0,-0.7400349378585815,0.9995324611663818,0.5436570644378662,0.0,0.0,0.0
134,-4.842132329940796e-05,-0.013472013175487518,1.2710343599319458,0.0,0.0,0.0,0.0,0.7399625778198242,-1.130021333694458,0.543657660484314,0.0,0.0,0.0,-0.7400349378585815,-1.130021333694458,0.543657660484314,0.0,0.0,0.0,0.7399625778198242,0.9995324611663818,0.5436570644378662,0.0,0.0,0.0,-0.7400349378585815,0.9995324611663818,0.5436570644378662,0.0,0.0,0.0
135,-4.842132329940796e-05,-0.013472013175487518,1.2710343599319458,0.0,0.0,0.0,0.0,0.7399625778198242,-1.130021333694458,0.543657660484314,0.0,0.0,0.0,-0.7400349378585815,-1.130021333694458,0.543657660484314,0.0,0.0,0.0,0.7399625778198242,0.9995324611663818,0.5436570644378662,0.0,0.0,0.0,-0.7400349378585815,0.9995324611663818,0.5436570644378662,0.0,0.0,0.0
136,-4.842132329940796e-05,-0.013472013175487518,1.2710343599319458,0.0,0.0,0.0,0.0,0.7399625778198242,-1.130021333694458,0.543657660484314,0.0,0.0,0.0,-0.7400349378585815,-1.130021333694458,0.543657660484314,0.0,0.0,0.0,0.7399625778198242,0.9995324611663818,0.5436570644378662,0.0,0.0,0.0,-0.7400349378585815,0.9995324611663818,0.5436570644378662,0.0,0.0,0.0
137,-4.842132329940796e-05,-0.013472013175487518,1.2710343599319458,0.0,0.0,0.0,0.0,0.7399625778198242,-1.130021333694458,0.543657660484314,0.0,0.0,0.0,-0.7400349378585815,-1.130021333694458,0.543657660484314,0.0,0.0,0.0,0.7399625778198242,0.9995324611663818,0.5436570644378662,0.0,0.0,0.0,-0.7400349378585815,0.9995324611663818,0.5436570644378662,0.0,0.0,0.0
138,-4.842132329940796e-05,-0.013472013175487518,1.2710343599319458,0.0,0.0,0.0,0.0,0.7399625778198242,-1.130021333694458,0.543657660484314,0.0,0.0,0.0,-0.7400349378585815,-1.130021333694458,0.543657660484314,0.0,0.0,0.0,0.7399625778198242,0.9995324611663818,0.5436570644378662,0.0,0.0,0.0,-0.7400349378585815,0.9995324611663818,0.5436570644378662,0.0,0.0,0.0
139,-4.842132329940796e-05,-0.013472013175487518,1.2710343599319458,0.0,0.0,0.0,0.0,0.7399625778198242,-1.130021333694458,0.543657660484314,0.0,0.0,0.0,-0.7400349378585815,-1.130021333694458,0.543657660484314,0.0,0.0,0.0,0.7399625778198242,0.9995324611663818,0.5436570644378662,0.0,0.0,0.0,-0.7400349378585815,0.9995324611663818,0.5436570644378662,0.0,0.0,0.0
140,-4.842132329940796e-05,-0.013472013175487518,1.2710343599319458,0.0,0.0,0.0,0.0,0.7399625778198242,-1.130021333694458,0.543657660484314,0.0,0.0,0.0,-0.7400349378585815,-1.130021333694458,0.543657660484314,0.0,0.0,0.0,0.7399625778198242,0.9995324611663818,0.5436570644378662,0.0,0.0,0.0,-0.7400349378585815,0.9995324611663818,0.5436570644378662,0.0,0.0,0.0
141,-4.842132329940796e-05,-0.013472013175487518,1.2710343599319458,0.0,0.0,0.0,0.0,0.7399625778198242,-1.130021333694458,0.543657660484314,0.0,0.0,0.0,-0.7400349378585815,-1.130021333694458,0.543657660484314,0.0,0.0,0.0,0.7399625778198242,0.9995324611663818,0.5436570644378662,0.0,0.0,0.0,-0.7400349378585815,0.9995324611663818,0.5436570644378662,0.0,0.0,0.0
142,-4.842132329940796e-05,-0.013472013175487518,1.2710343599319458,0.0,0.0,0.0,0.0,0.7399625778198242,-1.130021333694458,0.543657660484314,0.0,0.0,0.0,-0.7400349378585815,-1.130021333694458,0.543657660484314,0.0,0.0,0.0,0.7399625778198242,0.9995324611663818,0.5436570644378662,0.0,0.0,0.0,-0.7400349378585815,0.9995324611663818,0.5436570644378662,0.0,0.0,0.0
143,-4.842132329940796e-05,-0.013472013175487518,1.2710343599319458,0.0,0.0,0.0,0.0,0.7399625778198242,-1.130021333694458,0.543657660484314,0.0,0.0,0.0,-0.7400349378585815,-1.130021333694458,0.543657660484314,0.0,0.0,0.0,0.7399625778198242,0.9995324611663818,0.5436570644378662,0.0,0.0,0.0,-0.7400349378585815,0.9995324611663818,0.5436570644378662,0.0,0.0,0.0
144,-4.842132329940796e-05,-0.013472013175487518,1.2710343599319458,0.0,0.0,0.0,0.0,0.7399625778198242,-1.130021333694458,0.543657660484314,0.0,0.0,0.0,-0.7400349378585815,-1.130021333694458,0.543657660484314,0.0,0.0,0.0,0.7399625778198242,0.9995324611663818,0.5436570644378662,0.0,0.0,0.0,-0.7400349378585815,0.9995324611663818,0.5436570644378662,0.0,0.0,0.0
145,-4.842132329940796e-05,-0.013472013175487518,1.2710343599319458,0.0,0.0,0.0,0.0,0.7399625778198242,-1.130021333694458,0.543657660484314,0.0,0.0,0.0,-0.7400349378585815,-1.130021333694458,0.543657660484314,0.0,0.0,0.0,0.7399625778198242,0.9995324611663818,0.5436570644378662,0.0,0.0,0.0,-0.7400349378585815,0.9995324611663818,0.5436570644378662,0.0,0.0,0.0
146,-4.842132329940796e-05,-0.013472013175487518,1.2710343599319458,0.0,0.0,0.0,0.0,0.7399625778198242,-1.130021333694458,0.543657660484314,0.0,0.0,0.0,-0.7400349378585815,-1.130021333694458,0.543657660484314,0.0,0.0,0.0,0.7399625778198242,0.9995324611663818,0.5436570644378662,0.0,0.0,0.0,-0.7400349378585815,0.9995324611663818,0.5436570644378662,0.0,0.0,0.0
147,-4.842132329940796e-05,-0.013472013175487518,1.2710343599319458,0.0,0.0,0.0,0.0,0.7399625778198242,-1.130021333694458,0.543657660484314,0.0,0.0,0.0,-0.7400349378585815,-1.130021333694458,0.543657660484314,0.0,0.0,0.0,0.7399625778198242,0.9995324611663818,0.5436570644378662,0.0,0.0,0.0,-0.7400349378585815,0.9995324611663818,0.5436570644378662,0.0,0.0,0.0
148,-4.842132329940796e-05,-0.013472013175487518,1.2710343599319458,0.0,0.0,0.0,0.0,0.7399625778198242,-1.130021333694458,0.543657660484314,0.0,0.0,0.0,-0.7400349378585815,-1.130021333694458,0.543657660484314,0.0,0.0,0.0,0.7399625778198242,0.9995324611663818,0.5436570644378662,0.0,0.0,0.0,-0.7400349378585815,0.9995324611663818,0.5436570644378662,0.0,0.0,0.0
149,-4.842132329940796e-05,-0.013472013175487518,1.2710343599319458,0.0,0.0,0.0,0.0,0.7399625778198242,-1.130021333694458,0.543657660484314,0.0,0.0,0.0,-0.7400349378585815,-1.130021333694458,0.543657660484314,0.0,0.0,0.0,0.7399625778198242,0.9995324611663818,0.5436570644378662,0.0,0.0,0.0,-0.7400349378585815,0.9995324611663818,0.5436570644378662,0.0,0.0,0.0
150,-4.842132329940796e-05,-0.013472013175487518,1.2710343599319458,0.0,0.0,0.0,0.0,0.7399625778198242,-1.130021333694458,0.543657660484314,0.0,0.0,0.0,-0.7400349378585815,-1.130021333694458,0.543657660484314,0.0,0.0,0.0,0.7399625778198242,0.9995324611663818,0.5436570644378662,0.0,0.0,0.0,-0.7400349378585815,0.9995324611663818,0.5436570644378662,0.0,0.0,0.0
151,-4.842132329940796e-05,-0.013472013175487518,1.2710343599319458,0.0,0.0,0.0,0.0,0.7399625778198242,-1.130021333694458,0.543657660484314,0.0,0.0,0.0,-0.7400349378585815,-1.130021333694458,0.543657660484314,0.0,0.0,0.0,0.7399625778198242,0.9995324611663818,0.5436570644378662,0.0,0.0,0.0,-0.7400349378585815,0.9995324611663818,0.5436570644378662,0.0,0.0,0.0
152,-4.842132329940796e-05,-0.013472013175487518,1.2710343599319458,0.0,0.0,0.0,0.0,0.7399625778198242,-1.130021333694458,0.543657660484314,0.0,0.0,0.0,-0.7400349378585815,-1.130021333694458,0.543657660484314,0.0,0.0,0.0,0.7399625778198242,0.9995324611663818,0.5436570644378662,0.0,0.0,0.0,-0.7400349378585815,0.9995324611663818,0.5436570644378662,0.0,0.0,0.0
153,-4.842132329940796e-05,-0.013472013175487518,1.2710343599319458,0.0,0.0,0.0,0.0,0.7399625778198242,-1.130021333694458,0.543657660484314,0.0,0.0,0.0,-0.7400349378585815,-1.130021333694458,0.543657660484314,0.0,0.0,0.0,0.7399625778198242,0.9995324611663818,0.5436570644378662,0.0,0.0,0.0,-0.7400349378585815,0.9995324611663818,0.5436570644378662,0.0,0.0,0.0
154,-4.842132329940796e-05,-0.013472013175487518,1.2710343599319458,0.0,0.0,0.0,0.0,0.7399625778198242,-1.130021333694458,0.543657660484314,0.0,0.0,0.0,-0.7400349378585815,-1.130021333694458,0.543657660484314,0.0,0.0,0.0,0.7399625778198242,0.9995324611663818,0.5436570644378662,0.0,0.0,0.0,-0.7400349378585815,0.9995324611663818,0.5436570644378662,0.0,0.0,0.0
155,-4.842132329940796e-05,-0.013472013175487518,1.2710343599319458,0.0,0.0,0.0,0.0,0.7399625778198242,-1.130021333694458,0.543657660484314,0.0,0.0,0.0,-0.7400349378585815,-1.130021333694458,0.543657660484314,0.0,0.0,0.0,0.7399625778198242,0.9995324611663818,0.5436570644378662,0.0,0.0,0.0,-0.7400349378585815,0.9995324611663818,0.5436570644378662,0.0,0.0,0.0
156,-4.842132329940796e-05,-0.013472013175487518,1.2710343599319458,0.0,0.0,0.0,0.0,0.7399625778198242,-1.130021333694458,0.543657660484314,0.0,0.0,0.0,-0.7400349378585815,-1.130021333694458,0.543657660484314,0.0,0.0,0.0,0.7399625778198242,0.9995324611663818,0.5436570644378662,0.0,0.0,0.0,-0.7400349378585815,0.9995324611663818,0.5436570644378662,0.0,0.0,0.0
157,-4.842132329940796e-05,-0.013472013175487518,1.2710343599319458,0.0,0.0,0.0,0.0,0.7399625778198242,-1.130021333694458,0.543657660484314,0.0,0.0,0.0,-0.7400349378585815,-1.130021333694458,0.543657660484314,0.0,0.0,0.0,0.7399625778198242,0.9995324611663818,0.5436570644378662,0.0,0.0,0.0,-0.7400349378585815,0.9995324611663818,0.5436570644378662,0.0,0.0,0.0
158,-4.842132329940796e-05,-0.013472013175487518,1.2710343599319458,0.0,0.0,0.0,0.0,0.7399625778198242,-1.130021333694458,0.543657660484314,0.0,0.0,0.0,-0.7400349378585815,-1.130021333694458,0.543657660484314,0.0,0.0,0.0,0.7399625778198242,0.9995324611663818,0.5436570644378662,0.0,0.0,0.0,-0.7400349378585815,0.9995324611663818,0.5436570644378662,0.0,0.0,0.0
159,-4.842132329940796e-05,-0.013472013175487518,1.2710343599319458,0.0,0.0,0.0,0.0,0.7399625778198242,-1.130021333694458,0.543657660484314,0.0,0.0,0.0,-0.7400349378585815,-1.130021333694458,0.543657660484314,0.0,0.0,0.0,0.7399625778198242,0.9995324611663818,0.5436570644378662,0.0,0.0,0.0,-0.7400349378585815,0.9995324611663818,0.5436570644378662,0.0,0.0,0.0
160,-4.842132329940796e-05,-0.013472013175487518,1.2710343599319458,0.0,0.0,0.0,0.0,0.7399625778198242,-1.130021333694458,0.543657660484314,0.0,0.0,0.0,-0.7400349378585815,-1.130021333694458,0.543657660484314,0.0,0.0,0.0,0.7399625778198242,0.9995324611663818,0.5436570644378662,0.0,0.0,0.0,-0.7400349378585815,0.9995324611663818,0.5436570644378662,0.0,0.0,0.0
161,-4.842132329940796e-05,-0.013472013175487518,1.2710343599319458,0.0,0.0,0.0,0.0,0.7399625778198242,-1.130021333694458,0.543657660484314,0.0,0.0,0.0,-0.7400349378585815,-1.130021333694458,0.543657660484314,0.0,0.0,0.0,0.7399625778198242,0.9995324611663818,0.5436570644378662,0.0,0.0,0.0,-0.7400349378585815,0.9995324611663818,0.5436570644378662,0.0,0.0,0.0
162,-4.842132329940796e-05,-0.013472013175487518,1.2710343599319458,0.0,0.0,0.0,0.0,0.7399625778198242,-1.130021333694458,0.543657660484314,0.0,0.0,0.0,-0.7400349378585815,-1.130021333694458,0.543657660484314,0.0,0.0,0.0,0.7399625778198242,0.9995324611663818,0.5436570644378662,0.0,0.0,0.0,-0.7400349378585815,0.9995324611663818,0.5436570644378662,0.0,0.0,0.0
163,-4.842132329940796e-05,-0.013472013175487518,1.2710343599319458,0.0,0.0,0.0,0.0,0.7399625778198242,-1.130021333694458,0.543657660484314,0.0,0.0,0.0,-0.7400349378585815,-1.130021333694458,0.543657660484314,0.0,0.0,0.0,0.7399625778198242,0.9995324611663818,0.5436570644378662,0.0,0.0,0.0,-0.7400349378585815,0.9995324611663818,0.5436570644378662,0.0,0.0,0.0
164,-4.842132329940796e-05,-0.013472013175487518,1.2710343599319458,0.0,0.0,0.0,0.0,0.7399625778198242,-1.130021333694458,0.543657660484314,0.0,0.0,0.0,-0.7400349378585815,-1.130021333694458,0.543657660484314,0.0,0.0,0.0,0.7399625778198242,0.9995324611663818,0.5436570644378662,0.0,0.0,0.0,-0.7400349378585815,0.9995324611663818,0.5436570644378662,0.0,0.0,0.0
165,-4.842132329940796e-05,-0.013472013175487518,1.2710343599319458,0.0,0.0,0.0,0.0,0.7399625778198242,-1.130021333694458,0.543657660484314,0.0,0.0,0.0,-0.7400349378585815,-1.130021333694458,0.543657660484314,0.0,0.0,0.0,0.7399625778198242,0.9995324611663818,0.5436570644378662,0.0,0.0,0.0,-0.7400349378585815,0.9995324611663818,0.5436570644378662,0.0,0.0,0.0
166,-4.842132329940796e-05,-0.013472013175487518,1.2710343599319458,0.0,0.0,0.0,0.0,0.7399625778198242,-1.130021333694458,0.543657660484314,0.0,0.0,0.0,-0.7400349378585815,-1.130021333694458,0.543657660484314,0.0,0.0,0.0,0.7399625778198242,0.9995324611663818,0.5436570644378662,0.0,0.0,0.0,-0.7400349378585815,0.9995324611663818,0.5436570644378662,0.0,0.0,0.0
167,-4.842132329940796e-05,-0.013472013175487518,1.2710343599319458,0.0,0.0,0.0,0.0,0.7399625778198242,-1.130021333694458,0.543657660484314,0.0,0.0,0.0,-0.7400349378585815,-1.130021333694458,0.543657660484314,0.0,0.0,0.0,0.7399625778198242,0.9995324611663818,0.5436570644378662,0.0,0.0,0.0,-0.7400349378585815,0.9995324611663818,0.5436570644378662,0.0,0.0,0.0
168,-4.842132329940796e-05,-0.013472013175487518,1.2710343599319458,0.0,0.0,0.0,0.0,0.7399625778198242,-1.130021333694458,0.543657660484314,0.0,0.0,0.0,-0.7400349378585815,-1.130021333694458,0.543657660484314,0.0,0.0,0.0,0.7399625778198242,0.9995324611663818,0.5436570644378662,0.0,0.0,0.0,-0.7400349378585815,0.9995324611663818,0.5436570644378662,0.0,0.0,0.0
169,-4.842132329940796e-05,-0.013472013175487518,1.2710343599319458,0.0,0.0,0.0,0.0,0.7399625778198242,-1.130021333694458,0.543657660484314,0.0,0.0,0.0,-0.7400349378585815,-1.130021333694458,0.543657660484314,0.0,0.0,0.0,0.7399625778198242,0.9995324611663818,0.5436570644378662,0.0,0.0,0.0,-0.7400349378585815,0.9995324611663818,0.5436570644378662,0.0,0.0,0.0
170,-4.842132329940796e-05,-0.013472013175487518,1.2710343599319458,0.0,0.0,0.0,0.0,0.7399625778198242,-1.130021333694458,0.543657660484314,0.0,0.0,0.0,-0.7400349378585815,-1.130021333694458,0.543657660484314,0.0,0.0,0.0,0.7399625778198242,0.9995324611663818,0.5436570644378662,0.0,0.0,0.0,-0.7400349378585815,0.9995324611663818,0.5436570644378662,0.0,0.0,0.0
171,-4.842132329940796e-05,-0.013472013175487518,1.2710343599319458,0.0,0.0,0.0,0.0,0.7399625778198242,-1.130021333694458,0.543657660484314,0.0,0.0,0.0,-0.7400349378585815,-1.130021333694458,0.543657660484314,0.0,0.0,0.0,0.7399625778198242,0.9995324611663818,0.5436570644378662,0.0,0.0,0.0,-0.7400349378585815,0.9995324611663818,0.5436570644378662,0.0,0.0,0.0
172,-4.842132329940796e-05,-0.013472013175487518,1.2710343599319458,0.0,0.0,0.0,0.0,0.7399625778198242,-1.130021333694458,0.543657660484314,0.0,0.0,0.0,-0.7400349378585815,-1.130021333694458,0.543657660484314,0.0,0.0,0.0,0.7399625778198242,0.9995324611663818,0.5436570644378662,0.0,0.0,0.0,-0.7400349378585815,0.9995324611663818,0.5436570644378662,0.0,0.0,0.0
173,-4.842132329940796e-05,-0.013472013175487518,1.2710343599319458,0.0,0.0,0.0,0.0,0.7399625778198242,-1.130021333694458,0.543657660484314,0.0,0.0,0.0,-0.7400349378585815,-1.130021333694458,0.543657660484314,0.0,0.0,0.0,0.7399625778198242,0.9995324611663818,0.5436570644378662,0.0,0.0,0.0,-0.7400349378585815,0.9995324611663818,0.5436570644378662,0.0,0.0,0.0
174,-4.842132329940796e-05,-0.013472013175487518,1.2710343599319458,0.0,0.0,0.0,0.0,0.7399625778198242,-1.130021333694458,0.543657660484314,0.0,0.0,0.0,-0.7400349378585815,-1.130021333694458,0.543657660484314,0.0,0.0,0.0,0.7399625778198242,0.9995324611663818,0.5436570644378662,0.0,0.0,0.0,-0.7400349378585815,0.9995324611663818,0.5436570644378662,0.0,0.0,0.0
175,-4.842132329940796e-05,-0.013472013175487518,1.2710343599319458,0.0,0.0,0.0,0.0,0.7399625778198242,-1.130021333694458,0.543657660484314,0.0,0.0,0.0,-0.7400349378585815,-1.130021333694458,0.543657660484314,0.0,0.0,0.0,0.7399625778198242,0.9995324611663818,0.5436570644378662,0.0,0.0,0.0,-0.7400349378585815,0.9995324611663818,0.5436570644378662,0.0,0.0,0.0
176,-4.842132329940796e-05,-0.013472013175487518,1.2710343599319458,0.0,0.0,0.0,0.0,0.7399625778198242,-1.130021333694458,0.543657660484314,0.0,0.0,0.0,-0.7400349378585815,-1.130021333694458,0.543657660484314,0.0,0.0,0.0,0.7399625778198242,0.9995324611663818,0.5436570644378662,0.0,0.0,0.0,-0.7400349378585815,0.9995324611663818,0.5436570644378662,0.0,0.0,0.0
177,-4.842132329940796e-05,-0.013472013175487518,1.2710343599319458,0.0,0.0,0.0,0.0,0.7399625778198242,-1.130021333694458,0.543657660484314,0.0,0.0,0.0,-0.7400349378585815,-1.130021333694458,0.543657660484314,0.0,0.0,0.0,0.7399625778198242,0.9995324611663818,0.5436570644378662,0.0,0.0,0.0,-0.7400349378585815,0.9995324611663818,0.5436570644378662,0.0,0.0,0.0
178,-4.842132329940796e-05,-0.013472013175487518,1.2710343599319458,0.0,0.0,0.0,0.0,0.7399625778198242,-1.130021333694458,0.543657660484314,0.0,0.0,0.0,-0.7400349378585815,-1.130021333694458,0.543657660484314,0.0,0.0,0.0,0.7399625778198242,0.9995324611663818,0.5436570644378662,0.0,0.0,0.0,-0.7400349378585815,0.9995324611663818,0.5436570644378662,0.0,0.0,0.0
179,-4.842132329940796e-05,-0.013472013175487518,1.2710343599319458,0.0,0.0,0.0,0.0,0.7399625778198242,-1.130021333694458,0.543657660484314,0.0,0.0,0.0,-0.7400349378585815,-1.130021333694458,0.543657660484314,0.0,0.0,0.0,0.7399625778198242,0.9995324611663818,0.5436570644378662,0.0,0.0,0.0,-0.7400349378585815,0.9995324611663818,0.5436570644378662,0.0,0.0,0.0
180,-4.842132329940796e-05,-0.013472013175487518,1.2710343599319458,0.0,0.0,0.0,0.0,0.7399625778198242,-1.130021333694458,0.543657660484314,0.0,0.0,0.0,-0.7400349378585815,-1.130021333694458,0.543657660484314,0.0,0.0,0.0,0.7399625778198242,0.9995324611663818,0.5436570644378662,0.0,0.0,0.0,-0.7400349378585815,0.9995324611663818,0.5436570644378662,0.0,0.0,0.0
181,-4.842132329940796e-05,-0.013472013175487518,1.2710343599319458,0.0,0.0,0.0,0.0,0.7399625778198242,-1.130021333694458,0.543657660484314,0.0,0.0,0.0,-0.7400349378585815,-1.130021333694458,0.543657660484314,0.0,0.0,0.0,0.7399625778198242,0.9995324611663818,0.5436570644378662,0.0,0.0,0.0,-0.7400349378585815,0.9995324611663818,0.5436570644378662,0.0,0.0,0.0
182,-4.842132329940796e-05,-0.013472013175487518,1.2710343599319458,0.0,0.0,0.0,0.0,0.7399625778198242,-1.130021333694458,0.543657660484314,0.0,0.0,0.0,-0.7400349378585815,-1.130021333694458,0.543657660484314,0.0,0.0,0.0,0.7399625778198242,0.9995324611663818,0.5436570644378662,0.0,0.0,0.0,-0.7400349378585815,0.9995324611663818,0.5436570644378662,0.0,0.0,0.0
183,-4.842132329940796e-05,-0.013472013175487518,1.2710343599319458,0.0,0.0,0.0,0.0,0.7399625778198242,-1.130021333694458,0.543657660484314,0.0,0.0,0.0,-0.7400349378585815,-1.130021333694458,0.543657660484314,0.0,0.0,0.0,0.7399625778198242,0.9995324611663818,0.5436570644378662,0.0,0.0,0.0,-0.7400349378585815,0.9995324611663818,0.5436570644378662,0.0,0.0,0.0
184,-4.842132329940796e-05,-0.013472013175487518,1.2710343599319458,0.0,0.0,0.0,0.0,0.7399625778198242,-1.130021333694458,0.543657660484314,0.0,0.0,0.0,-0.7400349378585815,-1.130021333694458,0.543657660484314,0.0,0.0,0.0,0.7399625778198242,0.9995324611663818,0.5436570644378662,0.0,0.0,0.0,-0.7400349378585815,0.9995324611663818,0.5436570644378662,0.0,0.0,0.0
185,-4.842132329940796e-05,-0.013472013175487518,1.2710343599319458,0.0,0.0,0.0,0.0,0.7399625778198242,-1.130021333694458,0.543657660484314,0.0,0.0,0.0,-0.7400349378585815,-1.130021333694458,0.543657660484314,0.0,0.0,0.0,0.7399625778198242,0.9995324611663818,0.5436570644378662,0.0,0.0,0.0,-0.7400349378585815,0.9995324611663818,0.5436570644378662,0.0,0.0,0.0
186,-4.842132329940796e-05,-0.013472013175487518,1.2710343599319458,0.0,0.0,0.0,0.0,0.7399625778198242,-1.130021333694458,0.543657660484314,0.0,0.0,0.0,-0.7400349378585815,-1.130021333694458,0.543657660484314,0.0,0.0,0.0,0.7399625778198242,0.9995324611663818,0.5436570644378662,0.0,0.0,0.0,-0.7400349378585815,0.9995324611663818,0.5436570644378662,0.0,0.0,0.0
187,-4.842132329940796e-05,-0.013472013175487518,1.2710343599319458,0.0,0.0,0.0,0.0,0.7399625778198242,-1.130021333694458,0.543657660484314,0.0,0.0,0.0,-0.7400349378585815,-1.130021333694458,0.543657660484314,0.0,0.0,0.0,0.7399625778198242,0.9995324611663818,0.5436570644378662,0.0,0.0,0.0,-0.7400349378585815,0.9995324611663818,0.5436570644378662,0.0,0.0,0.0
188,-4.842132329940796e-05,-0.013472013175487518,1.2710343599319458,0.0,0.0,0.0,0.0,0.7399625778198242,-1.130021333694458,0.543657660484314,0.0,0.0,0.0,-0.7400349378585815,-1.130021333694458,0.543657660484314,0.0,0.0,0.0,0.7399625778198242,0.9995324611663818,0.5436570644378662,0.0,0.0,0.0,-0.7400349378585815,0.9995324611663818,0.5436570644378662,0.0,0.0,0.0
189,-4.842132329940796e-05,-0.013472013175487518,1.2710343599319458,0.0,0.0,0.0,0.0,0.7399625778198242,-1.130021333694458,0.543657660484314,0.0,0.0,0.0,-0.7400349378585815,-1.130021333694458,0.543657660484314,0.0,0.0,0.0,0.7399625778198242,0.9995324611663818,0.5436570644378662,0.0,0.0,0.0,-0.7400349378585815,0.9995324611663818,0.5436570644378662,0.0,0.0,0.0
190,-4.842132329940796e-05,-0.013472013175487518,1.2710343599319458,0.0,0.0,0.0,0.0,0.7399625778198242,-1.130021333694458,0.543657660484314,0.0,0.0,0.0,-0.7400349378585815,-1.130021333694458,0.543657660484314,0.0,0.0,0.0,0.7399625778198242,0.9995324611663818,0.5436570644378662,0.0,0.0,0.0,-0.7400349378585815,0.9995324611663818,0.5436570644378662,0.0,0.0,0.0
191,-4.842132329940796e-05,-0.013472013175487518,1.2710343599319458,0.0,0.0,0.0,0.0,0.7399625778198242,-1.130021333694458,0.543657660484314,0.0,0.0,0.0,-0.7400349378585815,-1.130021333694458,0.543657660484314,0.0,0.0,0.0,0.7399625778198242,0.9995324611663818,0.5436570644378662,0.0,0.0,0.0,-0.7400349378585815,0.9995324611663818,0.5436570644378662,0.0,0.0,0.0
192,-4.842132329940796e-05,-0.013472013175487518,1.2710343599319458,0.0,0.0,0.0,0.0,0.7399625778198242,-1.130021333694458,0.543657660484314,0.0,0.0,0.0,-0.7400349378585815,-1.130021333694458,0.543657660484314,0.0,0.0,0.0,0.7399625778198242,0.9995324611663818,0.5436570644378662,0.0,0.0,0.0,-0.7400349378585815,0.9995324611663818,0.5436570644378662,0.0,0.0,0.0
193,-4.842132329940796e-05,-0.013472013175487518,1.2710343599319458,0.0,0.0,0.0,0.0,0.7399625778198242,-1.130021333694458,0.543657660484314,0.0,0.0,0.0,-0.7400349378585815,-1.130021333694458,0.543657660484314,0.0,0.0,0.0,0.7399625778198242,0.9995324611663818,0.5436570644378662,0.0,0.0,0.0,-0.7400349378585815,0.9995324611663818,0.5436570644378662,0.0,0.0,0.0
194,-4.842132329940796e-05,-0.013472013175487518,1.2710343599319458,0.0,0.0,0.0,0.0,0.7399625778198242,-1.130021333694458,0.543657660484314,0.0,0.0,0.0,-0.7400349378585815,-1.130021333694458,0.543657660484314,0.0,0.0,0.0,0.7399625778198242,0.9995324611663818,0.5436570644378662,0.0,0.0,0.0,-0.7400349378585815,0.9995324611663818,0.5436570644378662,0.0,0.0,0.0
195,-4.842132329940796e-05,-0.013472013175487518,1.2710343599319458,0.0,0.0,0.0,0.0,0.7399625778198242,-1.130021333694458,0.543657660484314,0.0,0.0,0.0,-0.7400349378585815,-1.130021333694458,0.543657660484314,0.0,0.0,0.0,0.7399625778198242,0.9995324611663818,0.5436570644378662,0.0,0.0,0.0,-0.7400349378585815,0.9995324611663818,0.5436570644378662,0.0,0.0,0.0
196,-4.842132329940796e-05,-0.013472013175487518,1.2710343599319458,0.0,0.0,0.0,0.0,0.7399625778198242,-1.130021333694458,0.543657660484314,0.0,0.0,0.0,-0.7400349378585815,-1.130021333694458,0.543657660484314,0.0,0.0,0.0,0.7399625778198242,0.9995324611663818,0.5436570644378662,0.0,0.0,0.0,-0.7400349378585815,0.9995324611663818,0.5436570644378662,0.0,0.0,0.0
197,-4.842132329940796e-05,-0.013472013175487518,1.2710343599319458,0.0,0.0,0.0,0.0,0.7399625778198242,-1.130021333694458,0.543657660484314,0.0,0.0,0.0,-0.7400349378585815,-1.130021333694458,0.543657660484314,0.0,0.0,0.0,0.7399625778198242,0.9995324611663818,0.5436570644378662,0.0,0.0,0.0,-0.7400349378585815,0.9995324611663818,0.5436570644378662,0.0,0.0,0.0
198,-4.842132329940796e-05,-0.013472013175487518,1.2710343599319458,0.0,0.0,0.0,0.0,0.7399625778198242,-1.130021333694458,0.543657660484314,0.0,0.0,0.0,-0.7400349378585815,-1.130021333694458,0.543657660484314,0.0,0.0,0.0,0.7399625778198242,0.9995324611663818,0.5436570644378662,0.0,0.0,0.0,-0.7400349378585815,0.9995324611663818,0.5436570644378662,0.0,0.0,0.0
199,-4.842132329940796e-05,-0.013472013175487518,1.2710343599319458,0.0,0.0,0.0,0.0,0.7399625778198242,-1.130021333694458,0.543657660484314,0.0,0.0,0.0,-0.7400349378585815,-1.130021333694458,0.543657660484314,0.0,0.0,0.0,0.7399625778198242,0.9995324611663818,0.5436570644378662,0.0,0.0,0.0,-0.7400349378585815,0.9995324611663818,0.5436570644378662,0.0,0.0,0.0
200,-4.842132329940796e-05,-0.013472013175487518,1.2710343599319458,0.0,0.0,0.0,0.0,0.7399625778198242,-1.130021333694458,0.543657660484314,0.0,0.0,0.0,-0.7400349378585815,-1.130021333694458,0.543657660484314,0.0,0.0,0.0,0.7399625778198242,0.9995324611663818,0.5436570644378662,0.0,0.0,0.0,-0.7400349378585815,0.9995324611663818,0.5436570644378662,0.0,0.0,0.0
201,-4.842132329940796e-05,-0.013472013175487518,1.2710343599319458,0.0,0.0,0.0,0.0,0.7399625778198242,-1.130021333694458,0.543657660484314,0.0,0.0,0.0,-0.7400349378585815,-1.130021333694458,0.543657660484314,0.0,0.0,0.0,0.7399625778198242,0.9995324611663818,0.5436570644378662,0.0,0.0,0.0,-0.7400349378585815,0.9995324611663818,0.5436570644378662,0.0,0.0,0.0
202,-4.842132329940796e-05,-0.013472013175487518,1.2710343599319458,0.0,0.0,0.0,0.0,0.7399625778198242,-1.130021333694458,0.543657660484314,0.0,0.0,0.0,-0.7400349378585815,-1.130021333694458,0.543657660484314,0.0,0.0,0.0,0.7399625778198242,0.9995324611663818,0.5436570644378662,0.0,0.0,0.0,-0.7400349378585815,0.9995324611663818,0.5436570644378662,0.0,0.0,0.0
203,-4.842132329940796e-05,-0.013472013175487518,1.2710343599319458,0.0,0.0,0.0,0.0,0.7399625778198242,-1.130021333694458,0.543657660484314,0.0,0.0,0.0,-0.7400349378585815,-1.130021333694458,0.543657660484314,0.0,0.0,0.0,0.7399625778198242,0.9995324611663818,0.5436570644378662,0.0,0.0,0.0,-0.7400349378585815,0.9995324611663818,0.5436570644378662,0.0,0.0,0.0
204,-4.842132329940796e-05,-0.013472013175487518,1.2710343599319458,0.0,0.0,0.0,0.0,0.7399625778198242,-1.130021333694458,0.543657660484314,0.0,0.0,0.0,-0.7400349378585815,-1.130021333694458,0.543657660484314,0.0,0.0,0.0,0.7399625778198242,0.9995324611663818,0.5436570644378662,0.0,0.0,0.0,-0.7400349378585815,0.9995324611663818,0.5436570644378662,0.0,0.0,0.0
205,-4.842132329940796e-05,-0.013472013175487518,1.2710343599319458,0.0,0.0,0.0,0.0,0.7399625778198242,-1.130021333694458,0.543657660484314,0.0,0.0,0.0,-0.7400349378585815,-1.130021333694458,0.543657660484314,0.0,0.0,0.0,0.7399625778198242,0.9995324611663818,0.5436570644378662,0.0,0.0,0.0,-0.7400349378585815,0.9995324611663818,0.5436570644378662,0.0,0.0,0.0
206,-4.842132329940796e-05,-0.013472013175487518,1.2710343599319458,0.0,0.0,0.0,0.0,0.7399625778198242,-1.130021333694458,0.543657660484314,0.0,0.0,0.0,-0.7400349378585815,-1.130021333694458,0.543657660484314,0.0,0.0,0.0,0.7399625778198242,0.9995324611663818,0.5436570644378662,0.0,0.0,0.0,-0.7400349378585815,0.9995324611663818,0.5436570644378662,0.0,0.0,0.0
207,-4.842132329940796e-05,-0.013472013175487518,1.2710343599319458,0.0,0.0,0.0,0.0,0.7399625778198242,-1.130021333694458,0.543657660484314,0.0,0.0,0.0,-0.7400349378585815,-1.130021333694458,0.543657660484314,0.0,0.0,0.0,0.7399625778198242,0.9995324611663818,0.5436570644378662,0.0,0.0,0.0,-0.7400349378585815,0.9995324611663818,0.5436570644378662,0.0,0.0,0.0
208,-4.842132329940796e-05,-0.013472013175487518,1.2710343599319458,0.0,0.0,0.0,0.0,0.7399625778198242,-1.130021333694458,0.543657660484314,0.0,0.0,0.0,-0.7400349378585815,-1.130021333694458,0.543657660484314,0.0,0.0,0.0,0.7399625778198242,0.9995324611663818,0.5436570644378662,0.0,0.0,0.0,-0.7400349378585815,0.9995324611663818,0.5436570644378662,0.0,0.0,0.0
209,-4.842132329940796e-05,-0.013472013175487518,1.2710343599319458,0.0,0.0,0.0,0.0,0.7399625778198242,-1.130021333694458,0.543657660484314,0.0,0.0,0.0,-0.7400349378585815,-1.130021333694458,0.543657660484314,0.0,0.0,0.0,0.7399625778198242,0.9995324611663818,0.5436570644378662,0.0,0.0,0.0,-0.7400349378585815,0.9995324611663818,0.5436570644378662,0.0,0.0,0.0
210,-4.842132329940796e-05,-0.013472013175487518,1.2710343599319458,0.0,0.0,0.0,0.0,0.7399625778198242,-1.130021333694458,0.543657660484314,0.0,0.0,0.0,-0.7400349378585815,-1.130021333694458,0.543657660484314,0.0,0.0,0.0,0.7399625778198242,0.9995324611663818,0.5436570644378662,0.0,0.0,0.0,-0.7400349378585815,0.9995324611663818,0.5436570644378662,0.0,0.0,0.0
211,-4.842132329940796e-05,-0.013472013175487518,1.2710343599319458,0.0,0.0,0.0,0.0,0.7399625778198242,-1.130021333694458,0.543657660484314,0.0,0.0,0.0,-0.7400349378585815,-1.130021333694458,0.543657660484314,0.0,0.0,0.0,0.7399625778198242,0.9995324611663818,0.5436570644378662,0.0,0.0,0.0,-0.7400349378585815,0.9995324611663818,0.5436570644378662,0.0,0.0,0.0
212,-4.842132329940796e-05,-0.013472013175487518,1.2710343599319458,0.0,0.0,0.0,0.0,0.7399625778198242,-1.130021333694458,0.543657660484314,0.0,0.0,0.0,-0.7400349378585815,-1.130021333694458,0.543657660484314,0.0,0.0,0.0,0.7399625778198242,0.9995324611663818,0.5436570644378662,0.0,0.0,0.0,-0.7400349378585815,0.9995324611663818,0.5436570644378662,0.0,0.0,0.0
213,-4.842132329940796e-05,-0.013472013175487518,1.2710343599319458,0.0,0.0,0.0,0.0,0.7399625778198242,-1.130021333694458,0.543657660484314,0.0,0.0,0.0,-0.7400349378585815,-1.130021333694458,0.543657660484314,0.0,0.0,0.0,0.7399625778198242,0.9995324611663818,0.5436570644378662,0.0,0.0,0.0,-0.7400349378585815,0.9995324611663818,0.5436570644378662,0.0,0.0,0.0
214,-4.842132329940796e-05,-0.013472013175487518,1.2710343599319458,0.0,0.0,0.0,0.0,0.7399625778198242,-1.130021333694458,0.543657660484314,0.0,0.0,0.0,-0.7400349378585815,-1.130021333694458,0.543657660484314,0.0,0.0,0.0,0.7399625778198242,0.9995324611663818,0.5436570644378662,0.0,0.0,0.0,-0.7400349378585815,0.9995324611663818,0.5436570644378662,0.0,0.0,0.0
215,-4.842132329940796e-05,-0.013472013175487518,1.2710343599319458,0.0,0.0,0.0,0.0,0.7399625778198242,-1.130021333694458,0.543657660484314,0.0,0.0,0.0,-0.7400349378585815,-1.130021333694458,0.543657660484314,0.0,0.0,0.0,0.7399625778198242,0.9995324611663818,0.5436570644378662,0.0,0.0,0.0,-0.7400349378585815,0.9995324611663818,0.5436570644378662,0.0,0.0,0.0
216,-4.842132329940796e-05,-0.013472013175487518,1.2710343599319458,0.0,0.0,0.0,0.0,0.7399625778198242,-1.130021333694458,0.543657660484314,0.0,0.0,0.0,-0.7400349378585815,-1.130021333694458,0.543657660484314,0.0,0.0,0.0,0.7399625778198242,0.9995324611663818,0.5436570644378662,0.0,0.0,0.0,-0.7400349378585815,0.9995324611663818,0.5436570644378662,0.0,0.0,0.0
217,-4.842132329940796e-05,-0.013472013175487518,1.2710343599319458,0.0,0.0,0.0,0.0,0.7399625778198242,-1.130021333694458,0.543657660484314,0.0,0.0,0.0,-0.7400349378585815,-1.130021333694458,0.543657660484314,0.0,0.0,0.0,0.7399625778198242,0.9995324611663818,0.5436570644378662,0.0,0.0,0.0,-0.7400349378585815,0.9995324611663818,0.5436570644378662,0.0,0.0,0.0
218,-4.842132329940796e-05,-0.013472013175487518,1.2710343599319458,0.0,0.0,0.0,0.0,0.7399625778198242,-1.130021333694458,0.543657660484314,0.0,0.0,0.0,-0.7400349378585815,-1.130021333694458,0.543657660484314,0.0,0.0,0.0,0.7399625778198242,0.9995324611663818,0.5436570644378662,0.0,0.0,0.0,-0.7400349378585815,0.9995324611663818,0.5436570644378662,0.0,0.0,0.0
219,-4.842132329940796e-05,-0.013472013175487518,1.2710343599319458,0.0,0.0,0.0,0.0,0.7399625778198242,-1.130021333694458,0.543657660484314,0.0,0.0,0.0,-0.7400349378585815,-1.130021333694458,0.543657660484314,0.0,0.0,0.0,0.7399625778198242,0.9995324611663818,0.5436570644378662,0.0,0.0,0.0,-0.7400349378585815,0.9995324611663818,0.5436570644378662,0.0,0.0,0.0
220,-4.842132329940796e-05,-0.013472013175487518,1.2710343599319458,0.0,0.0,0.0,0.0,0.7399625778198242,-1.130021333694458,0.543657660484314,0.0,0.0,0.0,-0.7400349378585815,-1.130021333694458,0.543657660484314,0.0,0.0,0.0,0.7399625778198242,0.9995324611663818,0.5436570644378662,0.0,0.0,0.0,-0.7400349378585815,0.9995324611663818,0.5436570644378662,0.0,0.0,0.0
221,-4.842132329940796e-05,-0.013472013175487518,1.2710343599319458,0.0,0.0,0.0,0.0,0.7399625778198242,-1.130021333694458,0.543657660484314,0.0,0.0,0.0,-0.7400349378585815,-1.130021333694458,0.543657660484314,0.0,0.0,0.0,0.7399625778198242,0.9995324611663818,0.5436570644378662,0.0,0.0,0.0,-0.7400349378585815,0.9995324611663818,0.5436570644378662,0.0,0.0,0.0
222,-4.842132329940796e-05,-0.013472013175487518,1.2710343599319458,0.0,0.0,0.0,0.0,0.7399625778198242,-1.130021333694458,0.543657660484314,0.0,0.0,0.0,-0.7400349378585815,-1.130021333694458,0.543657660484314,0.0,0.0,0.0,0.7399625778198242,0.9995324611663818,0.5436570644378662,0.0,0.0,0.0,-0.7400349378585815,0.9995324611663818,0.5436570644378662,0.0,0.0,0.0
223,-4.842132329940796e-05,-0.013472013175487518,1.2710343599319458,0.0,0.0,0.0,0.0,0.7399625778198242,-1.130021333694458,0.543657660484314,0.0,0.0,0.0,-0.7400349378585815,-1.130021333694458,0.543657660484314,0.0,0.0,0.0,0.7399625778198242,0.9995324611663818,0.5436570644378662,0.0,0.0,0.0,-0.7400349378585815,0.9995324611663818,0.5436570644378662,0.0,0.0,0.0
224,-4.842132329940796e-05,-0.013472013175487518,1.2710343599319458,0.0,0.0,0.0,0.0,0.7399625778198242,-1.130021333694458,0.543657660484314,0.0,0.0,0.0,-0.7400349378585815,-1.130021333694458,0.543657660484314,0.0,0.0,0.0,0.7399625778198242,0.9995324611663818,0.5436570644378662,0.0,0.0,0.0,-0.7400349378585815,0.9995324611663818,0.5436570644378662,0.0,0.0,0.0
225,-4.842132329940796e-05,-0.013472013175487518,1.2710343599319458,0.0,0.0,0.0,0.0,0.7399625778198242,-1.130021333694458,0.543657660484314,0.0,0.0,0.0,-0.7400349378585815,-1.130021333694458,0.543657660484314,0.0,0.0,0.0,0.7399625778198242,0.9995324611663818,0.5436570644378662,0.0,0.0,0.0,-0.7400349378585815,0.9995324611663818,0.5436570644378662,0.0,0.0,0.0
226,-4.842132329940796e-05,-0.013472013175487518,1.2710343599319458,0.0,0.0,0.0,0.0,0.7399625778198242,-1.130021333694458,0.543657660484314,0.0,0.0,0.0,-0.7400349378585815,-1.130021333694458,0.543657660484314,0.0,0.0,0.0,0.7399625778198242,0.9995324611663818,0.5436570644378662,0.0,0.0,0.0,-0.7400349378585815,0.9995324611663818,0.5436570644378662,0.0,0.0,0.0
227,-4.842132329940796e-05,-0.013472013175487518,1.2710343599319458,0.0,0.0,0.0,0.0,0.7399625778198242,-1.130021333694458,0.543657660484314,0.0,0.0,0.0,-0.7400349378585815,-1.130021333694458,0.543657660484314,0.0,0.0,0.0,0.7399625778198242,0.9995324611663818,0.5436570644378662,0.0,0.0,0.0,-0.7400349378585815,0.9995324611663818,0.5436570644378662,0.0,0.0,0.0
228,-4.842132329940796e-05,-0.013472013175487518,1.2710343599319458,0.0,0.0,0.0,0.0,0.7399625778198242,-1.130021333694458,0.543657660484314,0.0,0.0,0.0,-0.7400349378585815,-1.130021333694458,0.543657660484314,0.0,0.0,0.0,0.7399625778198242,0.9995324611663818,0.5436570644378662,0.0,0.0,0.0,-0.7400349378585815,0.9995324611663818,0.5436570644378662,0.0,0.0,0.0
229,-4.842132329940796e-05,-0.013472013175487518,1.2710343599319458,0.0,0.0,0.0,0.0,0.7399625778198242,-1.130021333694458,0.543657660484314,0.0,0.0,0.0,-0.7400349378585815,-1.130021333694458,0.543657660484314,0.0,0.0,0.0,0.7399625778198242,0.9995324611663818,0.5436570644378662,0.0,0.0,0.0,-0.7400349378585815,0.9995324611663818,0.5436570644378662,0.0,0.0,0.0
230,-4.842132329940796e-05,-0.013472013175487518,1.2710343599319458,0.0,0.0,0.0,0.0,0.7399625778198242,-1.130021333694458,0.543657660484314,0.0,0.0,0.0,-0.7400349378585815,-1.130021333694458,0.543657660484314,0.0,0.0,0.0,0.7399625778198242,0.9995324611663818,0.5436570644378662,0.0,0.0,0.0,-0.7400349378585815,0.9995324611663818,0.5436570644378662,0.0,0.0,0.0
231,-4.842132329940796e-05,-0.013472013175487518,1.2710343599319458,0.0,0.0,0.0,0.0,0.7399625778198242,-1.130021333694458,0.543657660484314,0.0,0.0,0.0,-0.7400349378585815,-1.130021333694458,0.543657660484314,0.0,0.0,0.0,0.7399625778198242,0.9995324611663818,0.5436570644378662,0.0,0.0,0.0,-0.7400349378585815,0.9995324611663818,0.5436570644378662,0.0,0.0,0.0
232,-4.842132329940796e-05,-0.013472013175487518,1.2710343599319458,0.0,0.0,0.0,0.0,0.7399625778198242,-1.130021333694458,0.543657660484314,0.0,0.0,0.0,-0.7400349378585815,-1.130021333694458,0.543657660484314,0.0,0.0,0.0,0.7399625778198242,0.9995324611663818,0.5436570644378662,0.0,0.0,0.0,-0.7400349378585815,0.9995324611663818,0.5436570644378662,0.0,0.0,0.0
233,-4.842132329940796e-05,-0.013472013175487518,1.2710343599319458,0.0,0.0,0.0,0.0,0.7399625778198242,-1.130021333694458,0.543657660484314,0.0,0.0,0.0,-0.7400349378585815,-1.130021333694458,0.543657660484314,0.0,0.0,0.0,0.7399625778198242,0.9995324611663818,0.5436570644378662,0.0,0.0,0.0,-0.7400349378585815,0.9995324611663818,0.5436570644378662,0.0,0.0,0.0
234,-4.842132329940796e-05,-0.013472013175487518,1.2710343599319458,0.0,0.0,0.0,0.0,0.7399625778198242,-1.130021333694458,0.543657660484314,0.0,0.0,0.0,-0.7400349378585815,-1.130021333694458,0.543657660484314,0.0,0.0,0.0,0.7399625778198242,0.9995324611663818,0.5436570644378662,0.0,0.0,0.0,-0.7400349378585815,0.9995324611663818,0.5436570644378662,0.0,0.0,0.0
235,-4.842132329940796e-05,-0.013472013175487518,1.2710343599319458,0.0,0.0,0.0,0.0,0.7399625778198242,-1.130021333694458,0.543657660484314,0.0,0.0,0.0,-0.7400349378585815,-1.130021333694458,0.543657660484314,0.0,0.0,0.0,0.7399625778198242,0.9995324611663818,0.5436570644378662,0.0,0.0,0.0,-0.7400349378585815,0.9995324611663818,0.5436570644378662,0.0,0.0,0.0
236,-4.842132329940796e-05,-0.013472013175487518,1.2710343599319458,0.0,0.0,0.0,0.0,0.7399625778198242,-1.130021333694458,0.543657660484314,0.0,0.0,0.0,-0.7400349378585815,-1.130021333694458,0.543657660484314,0.0,0.0,0.0,0.7399625778198242,0.9995324611663818,0.5436570644378662,0.0,0.0,0.0,-0.7400349378585815,0.9995324611663818,0.5436570644378662,0.0,0.0,0.0
237,-4.842132329940796e-05,-0.013472013175487518,1.2710343599319458,0.0,0.0,0.0,0.0,0.7399625778198242,-1.130021333694458,0.543657660484314,0.0,0.0,0.0,-0.7400349378585815,-1.130021333694458,0.543657660484314,0.0,0.0,0.0,0.7399625778198242,0.9995324611663818,0.5436570644378662,0.0,0.0,0.0,-0.7400349378585815,0.9995324611663818,0.5436570644378662,0.0,0.0,0.0
238,-4.842132329940796e-05,-0.013472013175487518,1.2710343599319458,0.0,0.0,0.0,0.0,0.7399625778198242,-1.130021333694458,0.543657660484314,0.0,0.0,0.0,-0.7400349378585815,-1.130021333694458,0.543657660484314,0.0,0.0,0.0,0.7399625778198242,0.9995324611663818,0.5436570644378662,0.0,0.0,0.0,-0.7400349378585815,0.9995324611663818,0.5436570644378662,0.0,0.0,0.0
239,-4.842132329940796e-05,-0.013472013175487518,1.2710343599319458,0.0,0.0,0.0,0.0,0.7399625778198242,-1.130021333694458,0.543657660484314,0.0,0.0,0.0,-0.7400349378585815,-1.130021333694458,0.543657660484314,0.0,0.0,0.0,0.7399625778198242,0.9995324611663818,0.5436570644378662,0.0,0.0,0.0,-0.7400349378585815,0.9995324611663818,0.5436570644378662,0.0,0.0,0.0
240,-4.842132329940796e-05,-0.013472013175487518,1.2710343599319458,0.0,0.0,0.0,0.0,0.7399625778198242,-1.130021333694458,0.543657660484314,0.0,0.0,0.0,-0.7400349378585815,-1.130021333694458,0.543657660484314,0.0,0.0,0.0,0.7399625778198242,0.9995324611663818,0.5436570644378662,0.0,0.0,0.0,-0.7400349378585815,0.9995324611663818,0.5436570644378662,0.0,0.0,0.0
241,-4.842132329940796e-05,-0.013472013175487518,1.2710343599319458,0.0,0.0,0.0,0.0,0.7399625778198242,-1.130021333694458,0.543657660484314,0.0,0.0,0.0,-0.7400349378585815,-1.130021333694458,0.543657660484314,0.0,0.0,0.0,0.7399625778198242,0.9995324611663818,0.5436570644378662,0.0,0.0,0.0,-0.7400349378585815,0.9995324611663818,0.5436570644378662,0.0,0.0,0.0
242,-4.842132329940796e-05,-0.013472013175487518,1.2710343599319458,0.0,0.0,0.0,0.0,0.7399625778198242,-1.130021333694458,0.543657660484314,0.0,0.0,0.0,-0.7400349378585815,-1.130021333694458,0.543657660484314,0.0,0.0,0.0,0.7399625778198242,0.9995324611663818,0.5436570644378662,0.0,0.0,0.0,-0.7400349378585815,0.9995324611663818,0.5436570644378662,0.0,0.0,0.0
243,-4.842132329940796e-05,-0.013472013175487518,1.2710343599319458,0.0,0.0,0.0,0.0,0.7399625778198242,-1.130021333694458,0.543657660484314,0.0,0.0,0.0,-0.7400349378585815,-1.130021333694458,0.543657660484314,0.0,0.0,0.0,0.7399625778198242,0.9995324611663818,0.5436570644378662,0.0,0.0,0.0,-0.7400349378585815,0.9995324611663818,0.5436570644378662,0.0,0.0,0.0
244,-4.842132329940796e-05,-0.013472013175487518,1.2710343599319458,0.0,0.0,0.0,0.0,0.7399625778198242,-1.130021333694458,0.543657660484314,0.0,0.0,0.0,-0.7400349378585815,-1.130021333694458,0.543657660484314,0.0,0.0,0.0,0.7399625778198242,0.9995324611663818,0.5436570644378662,0.0,0.0,0.0,-0.7400349378585815,0.9995324611663818,0.5436570644378662,0.0,0.0,0.0
245,-4.842132329940796e-05,-0.013472013175487518,1.2710343599319458,0.0,0.0,0.0,0.0,0.7399625778198242,-1.130021333694458,0.543657660484314,0.0,0.0,0.0,-0.7400349378585815,-1.130021333694458,0.543657660484314,0.0,0.0,0.0,0.7399625778198242,0.9995324611663818,0.5436570644378662,0.0,0.0,0.0,-0.7400349378585815,0.9995324611663818,0.5436570644378662,0.0,0.0,0.0
246,-4.842132329940796e-05,-0.013472013175487518,1.2710343599319458,0.0,0.0,0.0,0.0,0.7399625778198242,-1.130021333694458,0.543657660484314,0.0,0.0,0.0,-0.7400349378585815,-1.130021333694458,0.543657660484314,0.0,0.0,0.0,0.7399625778198242,0.9995324611663818,0.5436570644378662,0.0,0.0,0.0,-0.7400349378585815,0.9995324611663818,0.5436570644378662,0.0,0.0,0.0
247,-4.842132329940796e-05,-0.013472013175487518,1.2710343599319458,0.0,0.0,0.0,0.0,0.7399625778198242,-1.130021333694458,0.543657660484314,0.0,0.0,0.0,-0.7400349378585815,-1.130021333694458,0.543657660484314,0.0,0.0,0.0,0.7399625778198242,0.9995324611663818,0.5436570644378662,0.0,0.0,0.0,-0.7400349378585815,0.9995324611663818,0.5436570644378662,0.0,0.0,0.0
248,-4.842132329940796e-05,-0.013472013175487518,1.2710343599319458,0.0,0.0,0.0,0.0,0.7399625778198242,-1.130021333694458,0.543657660484314,0.0,0.0,0.0,-0.7400349378585815,-1.130021333694458,0.543657660484314,0.0,0.0,0.0,0.7399625778198242,0.9995324611663818,0.5436570644378662,0.0,0.0,0.0,-0.7400349378585815,0.9995324611663818,0.5436570644378662,0.0,0.0,0.0
249,-4.842132329940796e-05,-0.013472013175487518,1.2710343599319458,0.0,0.0,0.0,0.0,0.7399625778198242,-1.130021333694458,0.543657660484314,0.0,0.0,0.0,-0.7400349378585815,-1.130021333694458,0.543657660484314,0.0,0.0,0.0,0.7399625778198242,0.9995324611663818,0.5436570644378662,0.0,0.0,0.0,-0.7400349378585815,0.9995324611663818,0.5436570644378662,0.0,0.0,0.0
250,-4.842132329940796e-05,-0.013472013175487518,1.2710343599319458,0.0,0.0,0.0,0.0,0.7399625778198242,-1.130021333694458,0.543657660484314,0.0,0.0,0.0,-0.7400349378585815,-1.130021333694458,0.543657660484314,0.0,0.0,0.0,0.7399625778198242,0.9995324611663818,0.5436570644378662,0.0,0.0,0.0,-0.7400349378585815,0.9995324611663818,0.5436570644378662,0.0,0.0,0.0
